series,model,origin,h,actual,fc,e,ape,sape
Diesel (AGO),Naive,18,1,213.76,186.57,27.19,12.72,13.584
Diesel (AGO),Naive,18,2,213.43,186.57,26.86,12.585,13.43
Diesel (AGO),Naive,18,3,205.61,186.57,19.04,9.26,9.71
Diesel (AGO),Naive,18,4,219.72,186.57,33.15,15.087,16.318
Diesel (AGO),Naive,18,5,196.55,186.57,9.98,5.078,5.21
Diesel (AGO),Naive,18,6,212.94,186.57,26.37,12.384,13.201
Diesel (AGO),Naive,19,1,213.43,213.76,-0.33,0.155,0.154
Diesel (AGO),Naive,19,2,205.61,213.76,-8.15,3.964,3.887
Diesel (AGO),Naive,19,3,219.72,213.76,5.96,2.713,2.75
Diesel (AGO),Naive,19,4,196.55,213.76,-17.21,8.756,8.389
Diesel (AGO),Naive,19,5,212.94,213.76,-0.82,0.385,0.384
Diesel (AGO),Naive,19,6,209.87,213.76,-3.89,1.854,1.837
Diesel (AGO),Naive,20,1,205.61,213.43,-7.82,3.803,3.732
Diesel (AGO),Naive,20,2,219.72,213.43,6.29,2.863,2.904
Diesel (AGO),Naive,20,3,196.55,213.43,-16.88,8.588,8.235
Diesel (AGO),Naive,20,4,212.94,213.43,-0.49,0.23,0.23
Diesel (AGO),Naive,20,5,209.87,213.43,-3.56,1.696,1.682
Diesel (AGO),Naive,20,6,202.46,213.43,-10.97,5.418,5.275
Diesel (AGO),Naive,21,1,219.72,205.61,14.11,6.422,6.635
Diesel (AGO),Naive,21,2,196.55,205.61,-9.06,4.61,4.506
Diesel (AGO),Naive,21,3,212.94,205.61,7.33,3.442,3.503
Diesel (AGO),Naive,21,4,209.87,205.61,4.26,2.03,2.051
Diesel (AGO),Naive,21,5,202.46,205.61,-3.15,1.556,1.544
Diesel (AGO),Naive,22,1,196.55,219.72,-23.17,11.788,11.132
Diesel (AGO),Naive,22,2,212.94,219.72,-6.78,3.184,3.134
Diesel (AGO),Naive,22,3,209.87,219.72,-9.85,4.693,4.586
Diesel (AGO),Naive,22,4,202.46,219.72,-17.26,8.525,8.177
Diesel (AGO),Naive,23,1,212.94,196.55,16.39,7.697,8.005
Diesel (AGO),Naive,23,2,209.87,196.55,13.32,6.347,6.555
Diesel (AGO),Naive,23,3,202.46,196.55,5.91,2.919,2.962
Diesel (AGO),Naive,24,1,209.87,212.94,-3.07,1.463,1.452
Diesel (AGO),Naive,24,2,202.46,212.94,-10.48,5.176,5.046
Diesel (AGO),Naive,25,1,202.46,209.87,-7.41,3.66,3.594
Diesel (AGO),Mean (last 6m),18,1,213.76,192.852,20.908,9.781,10.284
Diesel (AGO),Mean (last 6m),18,2,213.43,192.852,20.578,9.642,10.13
Diesel (AGO),Mean (last 6m),18,3,205.61,192.852,12.758,6.205,6.404
Diesel (AGO),Mean (last 6m),18,4,219.72,192.852,26.868,12.228,13.025
Diesel (AGO),Mean (last 6m),18,5,196.55,192.852,3.698,1.882,1.899
Diesel (AGO),Mean (last 6m),18,6,212.94,192.852,20.088,9.434,9.901
Diesel (AGO),Mean (last 6m),19,1,213.43,196.013,17.417,8.16,8.507
Diesel (AGO),Mean (last 6m),19,2,205.61,196.013,9.597,4.667,4.779
Diesel (AGO),Mean (last 6m),19,3,219.72,196.013,23.707,10.789,11.405
Diesel (AGO),Mean (last 6m),19,4,196.55,196.013,0.537,0.273,0.273
Diesel (AGO),Mean (last 6m),19,5,212.94,196.013,16.927,7.949,8.278
Diesel (AGO),Mean (last 6m),19,6,209.87,196.013,13.857,6.602,6.828
Diesel (AGO),Mean (last 6m),20,1,205.61,201.028,4.582,2.228,2.253
Diesel (AGO),Mean (last 6m),20,2,219.72,201.028,18.692,8.507,8.885
Diesel (AGO),Mean (last 6m),20,3,196.55,201.028,-4.478,2.278,2.253
Diesel (AGO),Mean (last 6m),20,4,212.94,201.028,11.912,5.594,5.755
Diesel (AGO),Mean (last 6m),20,5,209.87,201.028,8.842,4.213,4.304
Diesel (AGO),Mean (last 6m),20,6,202.46,201.028,1.432,0.707,0.71
Diesel (AGO),Mean (last 6m),21,1,219.72,202.872,16.848,7.668,7.974
Diesel (AGO),Mean (last 6m),21,2,196.55,202.872,-6.322,3.216,3.165
Diesel (AGO),Mean (last 6m),21,3,212.94,202.872,10.068,4.728,4.843
Diesel (AGO),Mean (last 6m),21,4,209.87,202.872,6.998,3.335,3.391
Diesel (AGO),Mean (last 6m),21,5,202.46,202.872,-0.412,0.203,0.203
Diesel (AGO),Mean (last 6m),22,1,196.55,206.322,-9.772,4.972,4.851
Diesel (AGO),Mean (last 6m),22,2,212.94,206.322,6.618,3.108,3.157
Diesel (AGO),Mean (last 6m),22,3,209.87,206.322,3.548,1.691,1.705
Diesel (AGO),Mean (last 6m),22,4,202.46,206.322,-3.862,1.907,1.889
Diesel (AGO),Mean (last 6m),23,1,212.94,205.94,7.0,3.287,3.342
Diesel (AGO),Mean (last 6m),23,2,209.87,205.94,3.93,1.873,1.89
Diesel (AGO),Mean (last 6m),23,3,202.46,205.94,-3.48,1.719,1.704
Diesel (AGO),Mean (last 6m),24,1,209.87,210.335,-0.465,0.222,0.221
Diesel (AGO),Mean (last 6m),24,2,202.46,210.335,-7.875,3.89,3.815
Diesel (AGO),Mean (last 6m),25,1,202.46,209.687,-7.227,3.569,3.507
Diesel (AGO),Drift,18,1,213.76,187.127,26.633,12.459,13.287
Diesel (AGO),Drift,18,2,213.43,187.684,25.746,12.063,12.837
Diesel (AGO),Drift,18,3,205.61,188.241,17.369,8.447,8.82
Diesel (AGO),Drift,18,4,219.72,188.798,30.922,14.073,15.138
Diesel (AGO),Drift,18,5,196.55,189.355,7.195,3.66,3.729
Diesel (AGO),Drift,18,6,212.94,189.912,23.028,10.814,11.432
Diesel (AGO),Drift,19,1,213.43,215.797,-2.367,1.109,1.103
Diesel (AGO),Drift,19,2,205.61,217.833,-12.223,5.945,5.773
Diesel (AGO),Drift,19,3,219.72,219.87,-0.15,0.068,0.068
Diesel (AGO),Drift,19,4,196.55,221.907,-25.357,12.901,12.119
Diesel (AGO),Drift,19,5,212.94,223.943,-11.003,5.167,5.037
Diesel (AGO),Drift,19,6,209.87,225.98,-16.11,7.676,7.392
Diesel (AGO),Drift,20,1,205.61,215.342,-9.732,4.733,4.624
Diesel (AGO),Drift,20,2,219.72,217.254,2.466,1.122,1.129
Diesel (AGO),Drift,20,3,196.55,219.166,-22.616,11.507,10.881
Diesel (AGO),Drift,20,4,212.94,221.078,-8.138,3.822,3.75
Diesel (AGO),Drift,20,5,209.87,222.991,-13.121,6.252,6.062
Diesel (AGO),Drift,20,6,202.46,224.903,-22.443,11.085,10.503
Diesel (AGO),Drift,21,1,219.72,207.036,12.684,5.773,5.945
Diesel (AGO),Drift,21,2,196.55,208.461,-11.911,6.06,5.882
Diesel (AGO),Drift,21,3,212.94,209.886,3.053,1.434,1.444
Diesel (AGO),Drift,21,4,209.87,211.312,-1.442,0.687,0.685
Diesel (AGO),Drift,21,5,202.46,212.738,-10.278,5.076,4.951
Diesel (AGO),Drift,22,1,196.55,221.75,-25.2,12.821,12.049
Diesel (AGO),Drift,22,2,212.94,223.779,-10.839,5.09,4.964
Diesel (AGO),Drift,22,3,209.87,225.809,-15.939,7.594,7.317
Diesel (AGO),Drift,22,4,202.46,227.838,-25.378,12.535,11.796
Diesel (AGO),Drift,23,1,212.94,197.434,15.506,7.282,7.557
Diesel (AGO),Drift,23,2,209.87,198.318,11.552,5.504,5.66
Diesel (AGO),Drift,23,3,202.46,199.202,3.258,1.609,1.622
Diesel (AGO),Drift,24,1,209.87,214.498,-4.628,2.205,2.181
Diesel (AGO),Drift,24,2,202.46,216.057,-13.597,6.716,6.497
Diesel (AGO),Drift,25,1,202.46,211.235,-8.775,4.334,4.242
Diesel (AGO),Seasonal naive,18,1,213.76,192.18,21.58,10.095,10.632
Diesel (AGO),Seasonal naive,18,2,213.43,195.49,17.94,8.406,8.774
Diesel (AGO),Seasonal naive,18,3,205.61,185.08,20.53,9.985,10.51
Diesel (AGO),Seasonal naive,18,4,219.72,195.58,24.14,10.987,11.625
Diesel (AGO),Seasonal naive,18,5,196.55,180.0,16.55,8.42,8.79
Diesel (AGO),Seasonal naive,18,6,212.94,179.04,33.9,15.92,17.297
Diesel (AGO),Seasonal naive,19,1,213.43,195.49,17.94,8.406,8.774
Diesel (AGO),Seasonal naive,19,2,205.61,185.08,20.53,9.985,10.51
Diesel (AGO),Seasonal naive,19,3,219.72,195.58,24.14,10.987,11.625
Diesel (AGO),Seasonal naive,19,4,196.55,180.0,16.55,8.42,8.79
Diesel (AGO),Seasonal naive,19,5,212.94,179.04,33.9,15.92,17.297
Diesel (AGO),Seasonal naive,19,6,209.87,194.79,15.08,7.185,7.453
Diesel (AGO),Seasonal naive,20,1,205.61,185.08,20.53,9.985,10.51
Diesel (AGO),Seasonal naive,20,2,219.72,195.58,24.14,10.987,11.625
Diesel (AGO),Seasonal naive,20,3,196.55,180.0,16.55,8.42,8.79
Diesel (AGO),Seasonal naive,20,4,212.94,179.04,33.9,15.92,17.297
Diesel (AGO),Seasonal naive,20,5,209.87,194.79,15.08,7.185,7.453
Diesel (AGO),Seasonal naive,20,6,202.46,183.34,19.12,9.444,9.912
Diesel (AGO),Seasonal naive,21,1,219.72,195.58,24.14,10.987,11.625
Diesel (AGO),Seasonal naive,21,2,196.55,180.0,16.55,8.42,8.79
Diesel (AGO),Seasonal naive,21,3,212.94,179.04,33.9,15.92,17.297
Diesel (AGO),Seasonal naive,21,4,209.87,194.79,15.08,7.185,7.453
Diesel (AGO),Seasonal naive,21,5,202.46,183.34,19.12,9.444,9.912
Diesel (AGO),Seasonal naive,22,1,196.55,180.0,16.55,8.42,8.79
Diesel (AGO),Seasonal naive,22,2,212.94,179.04,33.9,15.92,17.297
Diesel (AGO),Seasonal naive,22,3,209.87,194.79,15.08,7.185,7.453
Diesel (AGO),Seasonal naive,22,4,202.46,183.34,19.12,9.444,9.912
Diesel (AGO),Seasonal naive,23,1,212.94,179.04,33.9,15.92,17.297
Diesel (AGO),Seasonal naive,23,2,209.87,194.79,15.08,7.185,7.453
Diesel (AGO),Seasonal naive,23,3,202.46,183.34,19.12,9.444,9.912
Diesel (AGO),Seasonal naive,24,1,209.87,194.79,15.08,7.185,7.453
Diesel (AGO),Seasonal naive,24,2,202.46,183.34,19.12,9.444,9.912
Diesel (AGO),Seasonal naive,25,1,202.46,183.34,19.12,9.444,9.912
Diesel (AGO),Seasonal naive x growth,18,1,213.76,208.56,5.2,2.432,2.462
Diesel (AGO),Seasonal naive x growth,18,2,213.43,212.153,1.277,0.599,0.6
Diesel (AGO),Seasonal naive x growth,18,3,205.61,200.855,4.755,2.312,2.34
Diesel (AGO),Seasonal naive x growth,18,4,219.72,212.25,7.47,3.4,3.458
Diesel (AGO),Seasonal naive x growth,18,5,196.55,195.342,1.208,0.614,0.616
Diesel (AGO),Seasonal naive x growth,18,6,212.94,194.3,18.64,8.753,9.154
Diesel (AGO),Seasonal naive x growth,19,1,213.43,212.623,0.807,0.378,0.379
Diesel (AGO),Seasonal naive x growth,19,2,205.61,201.301,4.309,2.096,2.118
Diesel (AGO),Seasonal naive x growth,19,3,219.72,212.721,6.999,3.185,3.237
Diesel (AGO),Seasonal naive x growth,19,4,196.55,195.776,0.774,0.394,0.395
Diesel (AGO),Seasonal naive x growth,19,5,212.94,194.732,18.208,8.551,8.933
Diesel (AGO),Seasonal naive x growth,19,6,209.87,211.862,-1.992,0.949,0.945
Diesel (AGO),Seasonal naive x growth,20,1,205.61,203.285,2.325,1.131,1.137
Diesel (AGO),Seasonal naive x growth,20,2,219.72,214.818,4.902,2.231,2.256
Diesel (AGO),Seasonal naive x growth,20,3,196.55,197.706,-1.156,0.588,0.586
Diesel (AGO),Seasonal naive x growth,20,4,212.94,196.651,16.289,7.649,7.954
Diesel (AGO),Seasonal naive x growth,20,5,209.87,213.951,-4.081,1.944,1.926
Diesel (AGO),Seasonal naive x growth,20,6,202.46,201.374,1.086,0.536,0.538
Diesel (AGO),Seasonal naive x growth,21,1,219.72,218.135,1.585,0.721,0.724
Diesel (AGO),Seasonal naive x growth,21,2,196.55,200.758,-4.208,2.141,2.118
Diesel (AGO),Seasonal naive x growth,21,3,212.94,199.687,13.253,6.224,6.424
Diesel (AGO),Seasonal naive x growth,21,4,209.87,217.254,-7.384,3.518,3.457
Diesel (AGO),Seasonal naive x growth,21,5,202.46,204.483,-2.023,0.999,0.994
Diesel (AGO),Seasonal naive x growth,22,1,196.55,199.571,-3.021,1.537,1.525
Diesel (AGO),Seasonal naive x growth,22,2,212.94,198.507,14.433,6.778,7.016
Diesel (AGO),Seasonal naive x growth,22,3,209.87,215.969,-6.099,2.906,2.865
Diesel (AGO),Seasonal naive x growth,22,4,202.46,203.275,-0.815,0.402,0.401
Diesel (AGO),Seasonal naive x growth,23,1,212.94,198.57,14.37,6.748,6.984
Diesel (AGO),Seasonal naive x growth,23,2,209.87,216.038,-6.168,2.939,2.896
Diesel (AGO),Seasonal naive x growth,23,3,202.46,203.339,-0.879,0.434,0.433
Diesel (AGO),Seasonal naive x growth,24,1,209.87,218.053,-8.183,3.899,3.825
Diesel (AGO),Seasonal naive x growth,24,2,202.46,205.236,-2.776,1.371,1.362
Diesel (AGO),Seasonal naive x growth,25,1,202.46,204.131,-1.671,0.825,0.822
Diesel (AGO),Damped-trend ETS,18,1,213.76,193.656,20.104,9.405,9.869
Diesel (AGO),Damped-trend ETS,18,2,213.43,194.155,19.275,9.031,9.458
Diesel (AGO),Damped-trend ETS,18,3,205.61,194.624,10.986,5.343,5.49
Diesel (AGO),Damped-trend ETS,18,4,219.72,195.067,24.653,11.22,11.887
Diesel (AGO),Damped-trend ETS,18,5,196.55,195.484,1.066,0.542,0.544
Diesel (AGO),Damped-trend ETS,18,6,212.94,195.877,17.063,8.013,8.348
Diesel (AGO),Damped-trend ETS,19,1,213.43,198.756,14.674,6.875,7.12
Diesel (AGO),Damped-trend ETS,19,2,205.61,199.582,6.028,2.932,2.975
Diesel (AGO),Damped-trend ETS,19,3,219.72,200.382,19.338,8.801,9.206
Diesel (AGO),Damped-trend ETS,19,4,196.55,201.158,-4.608,2.344,2.317
Diesel (AGO),Damped-trend ETS,19,5,212.94,201.909,11.031,5.18,5.318
Diesel (AGO),Damped-trend ETS,19,6,209.87,202.637,7.233,3.446,3.507
Diesel (AGO),Damped-trend ETS,20,1,205.61,202.14,3.47,1.688,1.702
Diesel (AGO),Damped-trend ETS,20,2,219.72,203.153,16.567,7.54,7.836
Diesel (AGO),Damped-trend ETS,20,3,196.55,204.145,-7.595,3.864,3.791
Diesel (AGO),Damped-trend ETS,20,4,212.94,205.118,7.822,3.673,3.742
Diesel (AGO),Damped-trend ETS,20,5,209.87,206.072,3.798,1.81,1.826
Diesel (AGO),Damped-trend ETS,20,6,202.46,207.006,-4.546,2.245,2.22
Diesel (AGO),Damped-trend ETS,21,1,219.72,203.188,16.532,7.524,7.818
Diesel (AGO),Damped-trend ETS,21,2,196.55,204.181,-7.631,3.882,3.808
Diesel (AGO),Damped-trend ETS,21,3,212.94,205.154,7.786,3.656,3.725
Diesel (AGO),Damped-trend ETS,21,4,209.87,206.108,3.762,1.793,1.809
Diesel (AGO),Damped-trend ETS,21,5,202.46,207.042,-4.582,2.263,2.238
Diesel (AGO),Damped-trend ETS,22,1,196.55,204.348,-7.798,3.967,3.89
Diesel (AGO),Damped-trend ETS,22,2,212.94,205.323,7.617,3.577,3.642
Diesel (AGO),Damped-trend ETS,22,3,209.87,206.278,3.592,1.712,1.726
Diesel (AGO),Damped-trend ETS,22,4,202.46,207.214,-4.754,2.348,2.321
Diesel (AGO),Damped-trend ETS,23,1,212.94,205.244,7.696,3.614,3.681
Diesel (AGO),Damped-trend ETS,23,2,209.87,206.198,3.672,1.75,1.765
Diesel (AGO),Damped-trend ETS,23,3,202.46,207.134,-4.674,2.308,2.282
Diesel (AGO),Damped-trend ETS,24,1,209.87,206.276,3.594,1.712,1.727
Diesel (AGO),Damped-trend ETS,24,2,202.46,207.212,-4.752,2.347,2.32
Diesel (AGO),Damped-trend ETS,25,1,202.46,207.248,-4.788,2.365,2.337
Diesel (AGO),"ARIMA(0,1,1)",18,1,213.76,191.118,22.642,10.592,11.184
Diesel (AGO),"ARIMA(0,1,1)",18,2,213.43,191.118,22.312,10.454,11.03
Diesel (AGO),"ARIMA(0,1,1)",18,3,205.61,191.118,14.492,7.048,7.306
Diesel (AGO),"ARIMA(0,1,1)",18,4,219.72,191.118,28.602,13.017,13.924
Diesel (AGO),"ARIMA(0,1,1)",18,5,196.55,191.118,5.432,2.763,2.802
Diesel (AGO),"ARIMA(0,1,1)",18,6,212.94,191.118,21.822,10.248,10.801
Diesel (AGO),"ARIMA(0,1,1)",19,1,213.43,197.774,15.656,7.336,7.615
Diesel (AGO),"ARIMA(0,1,1)",19,2,205.61,197.774,7.836,3.811,3.885
Diesel (AGO),"ARIMA(0,1,1)",19,3,219.72,197.774,21.946,9.988,10.513
Diesel (AGO),"ARIMA(0,1,1)",19,4,196.55,197.774,-1.224,0.623,0.621
Diesel (AGO),"ARIMA(0,1,1)",19,5,212.94,197.774,15.166,7.122,7.385
Diesel (AGO),"ARIMA(0,1,1)",19,6,209.87,197.774,12.096,5.764,5.935
Diesel (AGO),"ARIMA(0,1,1)",20,1,205.61,204.367,1.243,0.605,0.607
Diesel (AGO),"ARIMA(0,1,1)",20,2,219.72,204.367,15.353,6.988,7.241
Diesel (AGO),"ARIMA(0,1,1)",20,3,196.55,204.367,-7.817,3.977,3.899
Diesel (AGO),"ARIMA(0,1,1)",20,4,212.94,204.367,8.573,4.026,4.109
Diesel (AGO),"ARIMA(0,1,1)",20,5,209.87,204.367,5.503,2.622,2.657
Diesel (AGO),"ARIMA(0,1,1)",20,6,202.46,204.367,-1.907,0.942,0.937
Diesel (AGO),"ARIMA(0,1,1)",21,1,219.72,204.926,14.794,6.733,6.968
Diesel (AGO),"ARIMA(0,1,1)",21,2,196.55,204.926,-8.376,4.261,4.172
Diesel (AGO),"ARIMA(0,1,1)",21,3,212.94,204.926,8.014,3.764,3.836
Diesel (AGO),"ARIMA(0,1,1)",21,4,209.87,204.926,4.944,2.356,2.384
Diesel (AGO),"ARIMA(0,1,1)",21,5,202.46,204.926,-2.466,1.218,1.211
Diesel (AGO),"ARIMA(0,1,1)",22,1,196.55,211.282,-14.732,7.495,7.225
Diesel (AGO),"ARIMA(0,1,1)",22,2,212.94,211.282,1.658,0.779,0.782
Diesel (AGO),"ARIMA(0,1,1)",22,3,209.87,211.282,-1.412,0.673,0.671
Diesel (AGO),"ARIMA(0,1,1)",22,4,202.46,211.282,-8.822,4.357,4.264
Diesel (AGO),"ARIMA(0,1,1)",23,1,212.94,205.284,7.656,3.596,3.661
Diesel (AGO),"ARIMA(0,1,1)",23,2,209.87,205.284,4.586,2.185,2.209
Diesel (AGO),"ARIMA(0,1,1)",23,3,202.46,205.284,-2.824,1.395,1.385
Diesel (AGO),"ARIMA(0,1,1)",24,1,209.87,207.971,1.899,0.905,0.909
Diesel (AGO),"ARIMA(0,1,1)",24,2,202.46,207.971,-5.511,2.722,2.685
Diesel (AGO),"ARIMA(0,1,1)",25,1,202.46,208.655,-6.195,3.06,3.014
Diesel (AGO),Log-trend + seasonal (shrunk),18,1,213.76,199.663,14.097,6.595,6.82
Diesel (AGO),Log-trend + seasonal (shrunk),18,2,213.43,201.9,11.53,5.402,5.552
Diesel (AGO),Log-trend + seasonal (shrunk),18,3,205.61,196.964,8.646,4.205,4.295
Diesel (AGO),Log-trend + seasonal (shrunk),18,4,219.72,203.003,16.717,7.609,7.909
Diesel (AGO),Log-trend + seasonal (shrunk),18,5,196.55,195.257,1.293,0.658,0.66
Diesel (AGO),Log-trend + seasonal (shrunk),18,6,212.94,195.244,17.696,8.31,8.67
Diesel (AGO),Log-trend + seasonal (shrunk),19,1,213.43,205.871,7.559,3.542,3.605
Diesel (AGO),Log-trend + seasonal (shrunk),19,2,205.61,200.981,4.629,2.252,2.277
Diesel (AGO),Log-trend + seasonal (shrunk),19,3,219.72,207.29,12.43,5.657,5.822
Diesel (AGO),Log-trend + seasonal (shrunk),19,4,196.55,199.523,-2.973,1.513,1.501
Diesel (AGO),Log-trend + seasonal (shrunk),19,5,212.94,199.652,13.288,6.24,6.441
Diesel (AGO),Log-trend + seasonal (shrunk),19,6,209.87,208.128,1.742,0.83,0.833
Diesel (AGO),Log-trend + seasonal (shrunk),20,1,205.61,203.691,1.919,0.933,0.938
Diesel (AGO),Log-trend + seasonal (shrunk),20,2,219.72,210.181,9.539,4.341,4.438
Diesel (AGO),Log-trend + seasonal (shrunk),20,3,196.55,202.399,-5.849,2.976,2.932
Diesel (AGO),Log-trend + seasonal (shrunk),20,4,212.94,202.623,10.317,4.845,4.965
Diesel (AGO),Log-trend + seasonal (shrunk),20,5,209.87,211.907,-2.037,0.971,0.966
Diesel (AGO),Log-trend + seasonal (shrunk),20,6,202.46,209.969,-7.509,3.709,3.641
Diesel (AGO),Log-trend + seasonal (shrunk),21,1,219.72,210.43,9.29,4.228,4.32
Diesel (AGO),Log-trend + seasonal (shrunk),21,2,196.55,202.648,-6.098,3.103,3.055
Diesel (AGO),Log-trend + seasonal (shrunk),21,3,212.94,202.882,10.058,4.723,4.838
Diesel (AGO),Log-trend + seasonal (shrunk),21,4,209.87,212.251,-2.381,1.134,1.128
Diesel (AGO),Log-trend + seasonal (shrunk),21,5,202.46,210.32,-7.86,3.882,3.808
Diesel (AGO),Log-trend + seasonal (shrunk),22,1,196.55,204.989,-8.439,4.294,4.203
Diesel (AGO),Log-trend + seasonal (shrunk),22,2,212.94,205.305,7.635,3.586,3.651
Diesel (AGO),Log-trend + seasonal (shrunk),22,3,209.87,215.364,-5.494,2.618,2.584
Diesel (AGO),Log-trend + seasonal (shrunk),22,4,202.46,213.487,-11.027,5.447,5.302
Diesel (AGO),Log-trend + seasonal (shrunk),23,1,212.94,203.018,9.922,4.66,4.771
Diesel (AGO),Log-trend + seasonal (shrunk),23,2,209.87,212.432,-2.562,1.221,1.213
Diesel (AGO),Log-trend + seasonal (shrunk),23,3,202.46,210.504,-8.044,3.973,3.896
Diesel (AGO),Log-trend + seasonal (shrunk),24,1,209.87,212.782,-2.912,1.387,1.378
Diesel (AGO),Log-trend + seasonal (shrunk),24,2,202.46,210.869,-8.409,4.154,4.069
Diesel (AGO),Log-trend + seasonal (shrunk),25,1,202.46,210.621,-8.161,4.031,3.951
Petrol (PMS),Naive,18,1,144.83,129.67,15.16,10.467,11.046
Petrol (PMS),Naive,18,2,140.21,129.67,10.54,7.517,7.811
Petrol (PMS),Naive,18,3,143.57,129.67,13.9,9.682,10.174
Petrol (PMS),Naive,18,4,146.9,129.67,17.23,11.729,12.46
Petrol (PMS),Naive,18,5,128.36,129.67,-1.31,1.021,1.015
Petrol (PMS),Naive,18,6,155.3,129.67,25.63,16.504,17.988
Petrol (PMS),Naive,19,1,140.21,144.83,-4.62,3.295,3.242
Petrol (PMS),Naive,19,2,143.57,144.83,-1.26,0.878,0.874
Petrol (PMS),Naive,19,3,146.9,144.83,2.07,1.409,1.419
Petrol (PMS),Naive,19,4,128.36,144.83,-16.47,12.831,12.058
Petrol (PMS),Naive,19,5,155.3,144.83,10.47,6.742,6.977
Petrol (PMS),Naive,19,6,154.16,144.83,9.33,6.052,6.241
Petrol (PMS),Naive,20,1,143.57,140.21,3.36,2.34,2.368
Petrol (PMS),Naive,20,2,146.9,140.21,6.69,4.554,4.66
Petrol (PMS),Naive,20,3,128.36,140.21,-11.85,9.232,8.825
Petrol (PMS),Naive,20,4,155.3,140.21,15.09,9.717,10.213
Petrol (PMS),Naive,20,5,154.16,140.21,13.95,9.049,9.478
Petrol (PMS),Naive,20,6,137.6,140.21,-2.61,1.897,1.879
Petrol (PMS),Naive,21,1,146.9,143.57,3.33,2.267,2.293
Petrol (PMS),Naive,21,2,128.36,143.57,-15.21,11.849,11.187
Petrol (PMS),Naive,21,3,155.3,143.57,11.73,7.553,7.85
Petrol (PMS),Naive,21,4,154.16,143.57,10.59,6.869,7.114
Petrol (PMS),Naive,21,5,137.6,143.57,-5.97,4.339,4.247
Petrol (PMS),Naive,22,1,128.36,146.9,-18.54,14.444,13.471
Petrol (PMS),Naive,22,2,155.3,146.9,8.4,5.409,5.559
Petrol (PMS),Naive,22,3,154.16,146.9,7.26,4.709,4.823
Petrol (PMS),Naive,22,4,137.6,146.9,-9.3,6.759,6.538
Petrol (PMS),Naive,23,1,155.3,128.36,26.94,17.347,18.995
Petrol (PMS),Naive,23,2,154.16,128.36,25.8,16.736,18.264
Petrol (PMS),Naive,23,3,137.6,128.36,9.24,6.715,6.948
Petrol (PMS),Naive,24,1,154.16,155.3,-1.14,0.739,0.737
Petrol (PMS),Naive,24,2,137.6,155.3,-17.7,12.863,12.086
Petrol (PMS),Naive,25,1,137.6,154.16,-16.56,12.035,11.352
Petrol (PMS),Mean (last 6m),18,1,144.83,133.052,11.778,8.133,8.477
Petrol (PMS),Mean (last 6m),18,2,140.21,133.052,7.158,5.105,5.239
Petrol (PMS),Mean (last 6m),18,3,143.57,133.052,10.518,7.326,7.605
Petrol (PMS),Mean (last 6m),18,4,146.9,133.052,13.848,9.427,9.893
Petrol (PMS),Mean (last 6m),18,5,128.36,133.052,-4.692,3.655,3.589
Petrol (PMS),Mean (last 6m),18,6,155.3,133.052,22.248,14.326,15.431
Petrol (PMS),Mean (last 6m),19,1,140.21,134.702,5.508,3.929,4.007
Petrol (PMS),Mean (last 6m),19,2,143.57,134.702,8.868,6.177,6.374
Petrol (PMS),Mean (last 6m),19,3,146.9,134.702,12.198,8.304,8.664
Petrol (PMS),Mean (last 6m),19,4,128.36,134.702,-6.342,4.941,4.821
Petrol (PMS),Mean (last 6m),19,5,155.3,134.702,20.598,13.264,14.206
Petrol (PMS),Mean (last 6m),19,6,154.16,134.702,19.458,12.622,13.472
Petrol (PMS),Mean (last 6m),20,1,143.57,137.313,6.257,4.358,4.455
Petrol (PMS),Mean (last 6m),20,2,146.9,137.313,9.587,6.526,6.746
Petrol (PMS),Mean (last 6m),20,3,128.36,137.313,-8.953,6.975,6.74
Petrol (PMS),Mean (last 6m),20,4,155.3,137.313,17.987,11.582,12.294
Petrol (PMS),Mean (last 6m),20,5,154.16,137.313,16.847,10.928,11.56
Petrol (PMS),Mean (last 6m),20,6,137.6,137.313,0.287,0.208,0.209
Petrol (PMS),Mean (last 6m),21,1,146.9,139.507,7.393,5.033,5.163
Petrol (PMS),Mean (last 6m),21,2,128.36,139.507,-11.147,8.684,8.323
Petrol (PMS),Mean (last 6m),21,3,155.3,139.507,15.793,10.17,10.714
Petrol (PMS),Mean (last 6m),21,4,154.16,139.507,14.653,9.505,9.98
Petrol (PMS),Mean (last 6m),21,5,137.6,139.507,-1.907,1.386,1.376
Petrol (PMS),Mean (last 6m),22,1,128.36,140.513,-12.153,9.468,9.04
Petrol (PMS),Mean (last 6m),22,2,155.3,140.513,14.787,9.521,9.997
Petrol (PMS),Mean (last 6m),22,3,154.16,140.513,13.647,8.852,9.262
Petrol (PMS),Mean (last 6m),22,4,137.6,140.513,-2.913,2.117,2.095
Petrol (PMS),Mean (last 6m),23,1,155.3,138.923,16.377,10.545,11.132
Petrol (PMS),Mean (last 6m),23,2,154.16,138.923,15.237,9.884,10.397
Petrol (PMS),Mean (last 6m),23,3,137.6,138.923,-1.323,0.962,0.957
Petrol (PMS),Mean (last 6m),24,1,154.16,143.195,10.965,7.113,7.375
Petrol (PMS),Mean (last 6m),24,2,137.6,143.195,-5.595,4.066,3.985
Petrol (PMS),Mean (last 6m),25,1,137.6,144.75,-7.15,5.196,5.065
Petrol (PMS),Drift,18,1,144.83,130.052,14.778,10.203,10.752
Petrol (PMS),Drift,18,2,140.21,130.435,9.775,6.972,7.224
Petrol (PMS),Drift,18,3,143.57,130.817,12.753,8.883,9.296
Petrol (PMS),Drift,18,4,146.9,131.199,15.701,10.688,11.291
Petrol (PMS),Drift,18,5,128.36,131.582,-3.222,2.51,2.479
Petrol (PMS),Drift,18,6,155.3,131.964,23.336,15.026,16.247
Petrol (PMS),Drift,19,1,140.21,146.033,-5.823,4.153,4.069
Petrol (PMS),Drift,19,2,143.57,147.237,-3.667,2.554,2.522
Petrol (PMS),Drift,19,3,146.9,148.44,-1.54,1.048,1.043
Petrol (PMS),Drift,19,4,128.36,149.643,-21.283,16.581,15.312
Petrol (PMS),Drift,19,5,155.3,150.847,4.453,2.868,2.909
Petrol (PMS),Drift,19,6,154.16,152.05,2.11,1.369,1.378
Petrol (PMS),Drift,20,1,143.57,141.107,2.463,1.716,1.73
Petrol (PMS),Drift,20,2,146.9,142.004,4.896,3.333,3.39
Petrol (PMS),Drift,20,3,128.36,142.901,-14.541,11.328,10.721
Petrol (PMS),Drift,20,4,155.3,143.797,11.503,7.407,7.692
Petrol (PMS),Drift,20,5,154.16,144.694,9.466,6.14,6.335
Petrol (PMS),Drift,20,6,137.6,145.591,-7.991,5.807,5.644
Petrol (PMS),Drift,21,1,146.9,144.59,2.31,1.572,1.585
Petrol (PMS),Drift,21,2,128.36,145.61,-17.25,13.439,12.593
Petrol (PMS),Drift,21,3,155.3,146.63,8.67,5.583,5.743
Petrol (PMS),Drift,21,4,154.16,147.65,6.51,4.223,4.314
Petrol (PMS),Drift,21,5,137.6,148.67,-11.07,8.045,7.734
Petrol (PMS),Drift,22,1,128.36,148.03,-19.67,15.324,14.234
Petrol (PMS),Drift,22,2,155.3,149.16,6.14,3.954,4.033
Petrol (PMS),Drift,22,3,154.16,150.29,3.87,2.51,2.542
Petrol (PMS),Drift,22,4,137.6,151.42,-13.82,10.044,9.563
Petrol (PMS),Drift,23,1,155.3,128.596,26.704,17.195,18.813
Petrol (PMS),Drift,23,2,154.16,128.832,25.328,16.43,17.9
Petrol (PMS),Drift,23,3,137.6,129.068,8.532,6.201,6.399
Petrol (PMS),Drift,24,1,154.16,156.697,-2.537,1.646,1.632
Petrol (PMS),Drift,24,2,137.6,158.094,-20.494,14.894,13.862
Petrol (PMS),Drift,25,1,137.6,155.451,-17.851,12.973,12.183
Petrol (PMS),Seasonal naive,18,1,144.83,126.09,18.74,12.939,13.834
Petrol (PMS),Seasonal naive,18,2,140.21,128.32,11.89,8.48,8.856
Petrol (PMS),Seasonal naive,18,3,143.57,123.68,19.89,13.854,14.885
Petrol (PMS),Seasonal naive,18,4,146.9,132.47,14.43,9.823,10.33
Petrol (PMS),Seasonal naive,18,5,128.36,121.89,6.47,5.041,5.171
Petrol (PMS),Seasonal naive,18,6,155.3,144.36,10.94,7.044,7.302
Petrol (PMS),Seasonal naive,19,1,140.21,128.32,11.89,8.48,8.856
Petrol (PMS),Seasonal naive,19,2,143.57,123.68,19.89,13.854,14.885
Petrol (PMS),Seasonal naive,19,3,146.9,132.47,14.43,9.823,10.33
Petrol (PMS),Seasonal naive,19,4,128.36,121.89,6.47,5.041,5.171
Petrol (PMS),Seasonal naive,19,5,155.3,144.36,10.94,7.044,7.302
Petrol (PMS),Seasonal naive,19,6,154.16,134.93,19.23,12.474,13.304
Petrol (PMS),Seasonal naive,20,1,143.57,123.68,19.89,13.854,14.885
Petrol (PMS),Seasonal naive,20,2,146.9,132.47,14.43,9.823,10.33
Petrol (PMS),Seasonal naive,20,3,128.36,121.89,6.47,5.041,5.171
Petrol (PMS),Seasonal naive,20,4,155.3,144.36,10.94,7.044,7.302
Petrol (PMS),Seasonal naive,20,5,154.16,134.93,19.23,12.474,13.304
Petrol (PMS),Seasonal naive,20,6,137.6,124.54,13.06,9.491,9.964
Petrol (PMS),Seasonal naive,21,1,146.9,132.47,14.43,9.823,10.33
Petrol (PMS),Seasonal naive,21,2,128.36,121.89,6.47,5.041,5.171
Petrol (PMS),Seasonal naive,21,3,155.3,144.36,10.94,7.044,7.302
Petrol (PMS),Seasonal naive,21,4,154.16,134.93,19.23,12.474,13.304
Petrol (PMS),Seasonal naive,21,5,137.6,124.54,13.06,9.491,9.964
Petrol (PMS),Seasonal naive,22,1,128.36,121.89,6.47,5.041,5.171
Petrol (PMS),Seasonal naive,22,2,155.3,144.36,10.94,7.044,7.302
Petrol (PMS),Seasonal naive,22,3,154.16,134.93,19.23,12.474,13.304
Petrol (PMS),Seasonal naive,22,4,137.6,124.54,13.06,9.491,9.964
Petrol (PMS),Seasonal naive,23,1,155.3,144.36,10.94,7.044,7.302
Petrol (PMS),Seasonal naive,23,2,154.16,134.93,19.23,12.474,13.304
Petrol (PMS),Seasonal naive,23,3,137.6,124.54,13.06,9.491,9.964
Petrol (PMS),Seasonal naive,24,1,154.16,134.93,19.23,12.474,13.304
Petrol (PMS),Seasonal naive,24,2,137.6,124.54,13.06,9.491,9.964
Petrol (PMS),Seasonal naive,25,1,137.6,124.54,13.06,9.491,9.964
Petrol (PMS),Seasonal naive x growth,18,1,144.83,144.65,0.18,0.124,0.124
Petrol (PMS),Seasonal naive x growth,18,2,140.21,147.208,-6.998,4.991,4.87
Petrol (PMS),Seasonal naive x growth,18,3,143.57,141.885,1.685,1.174,1.181
Petrol (PMS),Seasonal naive x growth,18,4,146.9,151.969,-5.069,3.451,3.392
Petrol (PMS),Seasonal naive x growth,18,5,128.36,139.832,-11.472,8.937,8.555
Petrol (PMS),Seasonal naive x growth,18,6,155.3,165.609,-10.309,6.638,6.425
Petrol (PMS),Seasonal naive x growth,19,1,140.21,148.411,-8.201,5.849,5.683
Petrol (PMS),Seasonal naive x growth,19,2,143.57,143.044,0.526,0.366,0.367
Petrol (PMS),Seasonal naive x growth,19,3,146.9,153.211,-6.311,4.296,4.206
Petrol (PMS),Seasonal naive x growth,19,4,128.36,140.974,-12.614,9.827,9.367
Petrol (PMS),Seasonal naive x growth,19,5,155.3,166.962,-11.662,7.509,7.238
Petrol (PMS),Seasonal naive x growth,19,6,154.16,156.056,-1.896,1.23,1.222
Petrol (PMS),Seasonal naive x growth,20,1,143.57,142.922,0.648,0.452,0.453
Petrol (PMS),Seasonal naive x growth,20,2,146.9,153.079,-6.179,4.206,4.12
Petrol (PMS),Seasonal naive x growth,20,3,128.36,140.853,-12.493,9.733,9.281
Petrol (PMS),Seasonal naive x growth,20,4,155.3,166.819,-11.519,7.417,7.152
Petrol (PMS),Seasonal naive x growth,20,5,154.16,155.922,-1.762,1.143,1.136
Petrol (PMS),Seasonal naive x growth,20,6,137.6,143.916,-6.316,4.59,4.487
Petrol (PMS),Seasonal naive x growth,21,1,146.9,154.741,-7.841,5.338,5.199
Petrol (PMS),Seasonal naive x growth,21,2,128.36,142.382,-14.022,10.924,10.358
Petrol (PMS),Seasonal naive x growth,21,3,155.3,168.63,-13.33,8.583,8.23
Petrol (PMS),Seasonal naive x growth,21,4,154.16,157.614,-3.454,2.241,2.216
Petrol (PMS),Seasonal naive x growth,21,5,137.6,145.478,-7.878,5.725,5.566
Petrol (PMS),Seasonal naive x growth,22,1,128.36,139.755,-11.395,8.877,8.5
Petrol (PMS),Seasonal naive x growth,22,2,155.3,165.518,-10.218,6.58,6.37
Petrol (PMS),Seasonal naive x growth,22,3,154.16,154.706,-0.546,0.354,0.353
Petrol (PMS),Seasonal naive x growth,22,4,137.6,142.793,-5.193,3.774,3.704
Petrol (PMS),Seasonal naive x growth,23,1,155.3,162.764,-7.464,4.806,4.693
Petrol (PMS),Seasonal naive x growth,23,2,154.16,152.132,2.028,1.316,1.324
Petrol (PMS),Seasonal naive x growth,23,3,137.6,140.417,-2.817,2.047,2.027
Petrol (PMS),Seasonal naive x growth,24,1,154.16,149.236,4.924,3.194,3.246
Petrol (PMS),Seasonal naive x growth,24,2,137.6,137.744,-0.144,0.105,0.105
Petrol (PMS),Seasonal naive x growth,25,1,137.6,137.673,-0.073,0.053,0.053
Petrol (PMS),Damped-trend ETS,18,1,144.83,134.236,10.594,7.315,7.592
Petrol (PMS),Damped-trend ETS,18,2,140.21,133.87,6.34,4.522,4.627
Petrol (PMS),Damped-trend ETS,18,3,143.57,133.576,9.994,6.961,7.212
Petrol (PMS),Damped-trend ETS,18,4,146.9,133.342,13.558,9.23,9.676
Petrol (PMS),Damped-trend ETS,18,5,128.36,133.154,-4.794,3.735,3.666
Petrol (PMS),Damped-trend ETS,18,6,155.3,133.004,22.296,14.357,15.467
Petrol (PMS),Damped-trend ETS,19,1,140.21,138.873,1.337,0.953,0.958
Petrol (PMS),Damped-trend ETS,19,2,143.57,140.359,3.211,2.237,2.262
Petrol (PMS),Damped-trend ETS,19,3,146.9,141.547,5.353,3.644,3.712
Petrol (PMS),Damped-trend ETS,19,4,128.36,142.498,-14.138,11.014,10.439
Petrol (PMS),Damped-trend ETS,19,5,155.3,143.258,12.042,7.754,8.067
Petrol (PMS),Damped-trend ETS,19,6,154.16,143.866,10.294,6.677,6.908
Petrol (PMS),Damped-trend ETS,20,1,143.57,141.034,2.536,1.766,1.782
Petrol (PMS),Damped-trend ETS,20,2,146.9,142.453,4.447,3.027,3.074
Petrol (PMS),Damped-trend ETS,20,3,128.36,143.588,-15.228,11.864,11.199
Petrol (PMS),Damped-trend ETS,20,4,155.3,144.496,10.804,6.957,7.207
Petrol (PMS),Damped-trend ETS,20,5,154.16,145.223,8.937,5.797,5.97
Petrol (PMS),Damped-trend ETS,20,6,137.6,145.804,-8.204,5.962,5.79
Petrol (PMS),Damped-trend ETS,21,1,146.9,143.728,3.172,2.159,2.183
Petrol (PMS),Damped-trend ETS,21,2,128.36,145.294,-16.934,13.192,12.376
Petrol (PMS),Damped-trend ETS,21,3,155.3,146.547,8.753,5.636,5.8
Petrol (PMS),Damped-trend ETS,21,4,154.16,147.549,6.611,4.289,4.383
Petrol (PMS),Damped-trend ETS,21,5,137.6,148.35,-10.75,7.813,7.519
Petrol (PMS),Damped-trend ETS,22,1,128.36,146.882,-18.522,14.43,13.459
Petrol (PMS),Damped-trend ETS,22,2,155.3,148.677,6.623,4.265,4.358
Petrol (PMS),Damped-trend ETS,22,3,154.16,150.112,4.048,2.626,2.661
Petrol (PMS),Damped-trend ETS,22,4,137.6,151.26,-13.66,9.928,9.458
Petrol (PMS),Damped-trend ETS,23,1,155.3,140.182,15.118,9.735,10.233
Petrol (PMS),Damped-trend ETS,23,2,154.16,138.743,15.417,10.0,10.527
Petrol (PMS),Damped-trend ETS,23,3,137.6,137.592,0.008,0.005,0.005
Petrol (PMS),Damped-trend ETS,24,1,154.16,145.436,8.724,5.659,5.824
Petrol (PMS),Damped-trend ETS,24,2,137.6,146.657,-9.057,6.582,6.373
Petrol (PMS),Damped-trend ETS,25,1,137.6,150.34,-12.74,9.258,8.849
Petrol (PMS),"ARIMA(0,1,1)",18,1,144.83,133.346,11.484,7.93,8.257
Petrol (PMS),"ARIMA(0,1,1)",18,2,140.21,133.346,6.864,4.896,5.019
Petrol (PMS),"ARIMA(0,1,1)",18,3,143.57,133.346,10.224,7.122,7.384
Petrol (PMS),"ARIMA(0,1,1)",18,4,146.9,133.346,13.554,9.227,9.673
Petrol (PMS),"ARIMA(0,1,1)",18,5,128.36,133.346,-4.986,3.884,3.81
Petrol (PMS),"ARIMA(0,1,1)",18,6,155.3,133.346,21.954,14.137,15.212
Petrol (PMS),"ARIMA(0,1,1)",19,1,140.21,137.731,2.479,1.768,1.784
Petrol (PMS),"ARIMA(0,1,1)",19,2,143.57,137.731,5.839,4.067,4.152
Petrol (PMS),"ARIMA(0,1,1)",19,3,146.9,137.731,9.169,6.242,6.443
Petrol (PMS),"ARIMA(0,1,1)",19,4,128.36,137.731,-9.371,7.3,7.043
Petrol (PMS),"ARIMA(0,1,1)",19,5,155.3,137.731,17.569,11.313,11.992
Petrol (PMS),"ARIMA(0,1,1)",19,6,154.16,137.731,16.429,10.657,11.257
Petrol (PMS),"ARIMA(0,1,1)",20,1,143.57,138.769,4.801,3.344,3.401
Petrol (PMS),"ARIMA(0,1,1)",20,2,146.9,138.769,8.131,5.535,5.693
Petrol (PMS),"ARIMA(0,1,1)",20,3,128.36,138.769,-10.409,8.109,7.793
Petrol (PMS),"ARIMA(0,1,1)",20,4,155.3,138.769,16.531,10.645,11.243
Petrol (PMS),"ARIMA(0,1,1)",20,5,154.16,138.769,15.391,9.984,10.508
Petrol (PMS),"ARIMA(0,1,1)",20,6,137.6,138.769,-1.169,0.85,0.846
Petrol (PMS),"ARIMA(0,1,1)",21,1,146.9,140.793,6.107,4.157,4.246
Petrol (PMS),"ARIMA(0,1,1)",21,2,128.36,140.793,-12.433,9.686,9.239
Petrol (PMS),"ARIMA(0,1,1)",21,3,155.3,140.793,14.507,9.341,9.799
Petrol (PMS),"ARIMA(0,1,1)",21,4,154.16,140.793,13.367,8.671,9.064
Petrol (PMS),"ARIMA(0,1,1)",21,5,137.6,140.793,-3.193,2.32,2.294
Petrol (PMS),"ARIMA(0,1,1)",22,1,128.36,143.487,-15.127,11.784,11.129
Petrol (PMS),"ARIMA(0,1,1)",22,2,155.3,143.487,11.813,7.607,7.908
Petrol (PMS),"ARIMA(0,1,1)",22,3,154.16,143.487,10.673,6.924,7.172
Petrol (PMS),"ARIMA(0,1,1)",22,4,137.6,143.487,-5.887,4.278,4.188
Petrol (PMS),"ARIMA(0,1,1)",23,1,155.3,137.471,17.829,11.48,12.179
Petrol (PMS),"ARIMA(0,1,1)",23,2,154.16,137.471,16.689,10.826,11.445
Petrol (PMS),"ARIMA(0,1,1)",23,3,137.6,137.471,0.129,0.094,0.094
Petrol (PMS),"ARIMA(0,1,1)",24,1,154.16,143.761,10.399,6.746,6.981
Petrol (PMS),"ARIMA(0,1,1)",24,2,137.6,143.761,-6.161,4.477,4.379
Petrol (PMS),"ARIMA(0,1,1)",25,1,137.6,147.935,-10.335,7.511,7.239
Petrol (PMS),Log-trend + seasonal (shrunk),18,1,144.83,140.257,4.573,3.158,3.208
Petrol (PMS),Log-trend + seasonal (shrunk),18,2,140.21,142.224,-2.014,1.436,1.426
Petrol (PMS),Log-trend + seasonal (shrunk),18,3,143.57,140.352,3.218,2.242,2.267
Petrol (PMS),Log-trend + seasonal (shrunk),18,4,146.9,146.006,0.894,0.609,0.611
Petrol (PMS),Log-trend + seasonal (shrunk),18,5,128.36,140.779,-12.419,9.675,9.229
Petrol (PMS),Log-trend + seasonal (shrunk),18,6,155.3,154.0,1.3,0.837,0.841
Petrol (PMS),Log-trend + seasonal (shrunk),19,1,140.21,143.563,-3.353,2.391,2.363
Petrol (PMS),Log-trend + seasonal (shrunk),19,2,143.57,141.721,1.849,1.288,1.296
Petrol (PMS),Log-trend + seasonal (shrunk),19,3,146.9,147.48,-0.58,0.395,0.394
Petrol (PMS),Log-trend + seasonal (shrunk),19,4,128.36,142.248,-13.888,10.82,10.264
Petrol (PMS),Log-trend + seasonal (shrunk),19,5,155.3,155.659,-0.359,0.231,0.231
Petrol (PMS),Log-trend + seasonal (shrunk),19,6,154.16,152.872,1.288,0.835,0.839
Petrol (PMS),Log-trend + seasonal (shrunk),20,1,143.57,141.581,1.989,1.386,1.395
Petrol (PMS),Log-trend + seasonal (shrunk),20,2,146.9,147.324,-0.424,0.289,0.288
Petrol (PMS),Log-trend + seasonal (shrunk),20,3,128.36,142.089,-13.729,10.696,10.153
Petrol (PMS),Log-trend + seasonal (shrunk),20,4,155.3,155.475,-0.175,0.113,0.113
Petrol (PMS),Log-trend + seasonal (shrunk),20,5,154.16,152.623,1.537,0.997,1.002
Petrol (PMS),Log-trend + seasonal (shrunk),20,6,137.6,147.582,-9.982,7.254,7.0
Petrol (PMS),Log-trend + seasonal (shrunk),21,1,146.9,147.426,-0.526,0.358,0.357
Petrol (PMS),Log-trend + seasonal (shrunk),21,2,128.36,142.192,-13.832,10.776,10.225
Petrol (PMS),Log-trend + seasonal (shrunk),21,3,155.3,155.594,-0.294,0.189,0.189
Petrol (PMS),Log-trend + seasonal (shrunk),21,4,154.16,152.777,1.383,0.897,0.901
Petrol (PMS),Log-trend + seasonal (shrunk),21,5,137.6,147.736,-10.136,7.366,7.105
Petrol (PMS),Log-trend + seasonal (shrunk),22,1,128.36,142.709,-14.349,11.179,10.587
Petrol (PMS),Log-trend + seasonal (shrunk),22,2,155.3,156.175,-0.875,0.563,0.562
Petrol (PMS),Log-trend + seasonal (shrunk),22,3,154.16,153.453,0.707,0.459,0.46
Petrol (PMS),Log-trend + seasonal (shrunk),22,4,137.6,148.404,-10.804,7.852,7.555
Petrol (PMS),Log-trend + seasonal (shrunk),23,1,155.3,152.881,2.419,1.557,1.57
Petrol (PMS),Log-trend + seasonal (shrunk),23,2,154.16,149.462,4.698,3.047,3.094
Petrol (PMS),Log-trend + seasonal (shrunk),23,3,137.6,144.441,-6.841,4.972,4.851
Petrol (PMS),Log-trend + seasonal (shrunk),24,1,154.16,151.646,2.514,1.631,1.644
Petrol (PMS),Log-trend + seasonal (shrunk),24,2,137.6,146.602,-9.002,6.542,6.335
Petrol (PMS),Log-trend + seasonal (shrunk),25,1,137.6,147.732,-10.132,7.363,7.102
LPG,Naive,18,1,41.53,39.52,2.01,4.84,4.96
LPG,Naive,18,2,42.71,39.52,3.19,7.469,7.759
LPG,Naive,18,3,42.04,39.52,2.52,5.994,6.179
LPG,Naive,18,4,41.22,39.52,1.7,4.124,4.211
LPG,Naive,18,5,41.39,39.52,1.87,4.518,4.622
LPG,Naive,18,6,42.54,39.52,3.02,7.099,7.36
LPG,Naive,19,1,42.71,41.53,1.18,2.763,2.802
LPG,Naive,19,2,42.04,41.53,0.51,1.213,1.221
LPG,Naive,19,3,41.22,41.53,-0.31,0.752,0.749
LPG,Naive,19,4,41.39,41.53,-0.14,0.338,0.338
LPG,Naive,19,5,42.54,41.53,1.01,2.374,2.403
LPG,Naive,19,6,43.72,41.53,2.19,5.009,5.138
LPG,Naive,20,1,42.04,42.71,-0.67,1.594,1.581
LPG,Naive,20,2,41.22,42.71,-1.49,3.615,3.551
LPG,Naive,20,3,41.39,42.71,-1.32,3.189,3.139
LPG,Naive,20,4,42.54,42.71,-0.17,0.4,0.399
LPG,Naive,20,5,43.72,42.71,1.01,2.31,2.337
LPG,Naive,20,6,36.48,42.71,-6.23,17.078,15.734
LPG,Naive,21,1,41.22,42.04,-0.82,1.989,1.97
LPG,Naive,21,2,41.39,42.04,-0.65,1.57,1.558
LPG,Naive,21,3,42.54,42.04,0.5,1.175,1.182
LPG,Naive,21,4,43.72,42.04,1.68,3.843,3.918
LPG,Naive,21,5,36.48,42.04,-5.56,15.241,14.162
LPG,Naive,22,1,41.39,41.22,0.17,0.411,0.412
LPG,Naive,22,2,42.54,41.22,1.32,3.103,3.152
LPG,Naive,22,3,43.72,41.22,2.5,5.718,5.887
LPG,Naive,22,4,36.48,41.22,-4.74,12.993,12.201
LPG,Naive,23,1,42.54,41.39,1.15,2.703,2.74
LPG,Naive,23,2,43.72,41.39,2.33,5.329,5.475
LPG,Naive,23,3,36.48,41.39,-4.91,13.459,12.611
LPG,Naive,24,1,43.72,42.54,1.18,2.699,2.736
LPG,Naive,24,2,36.48,42.54,-6.06,16.612,15.338
LPG,Naive,25,1,36.48,43.72,-7.24,19.846,18.055
LPG,Mean (last 6m),18,1,41.53,37.42,4.11,9.896,10.412
LPG,Mean (last 6m),18,2,42.71,37.42,5.29,12.386,13.204
LPG,Mean (last 6m),18,3,42.04,37.42,4.62,10.99,11.628
LPG,Mean (last 6m),18,4,41.22,37.42,3.8,9.219,9.664
LPG,Mean (last 6m),18,5,41.39,37.42,3.97,9.592,10.075
LPG,Mean (last 6m),18,6,42.54,37.42,5.12,12.036,12.806
LPG,Mean (last 6m),19,1,42.71,37.992,4.718,11.047,11.693
LPG,Mean (last 6m),19,2,42.04,37.992,4.048,9.63,10.117
LPG,Mean (last 6m),19,3,41.22,37.992,3.228,7.832,8.151
LPG,Mean (last 6m),19,4,41.39,37.992,3.398,8.211,8.562
LPG,Mean (last 6m),19,5,42.54,37.992,4.548,10.692,11.296
LPG,Mean (last 6m),19,6,43.72,37.992,5.728,13.102,14.021
LPG,Mean (last 6m),20,1,42.04,39.418,2.622,6.236,6.437
LPG,Mean (last 6m),20,2,41.22,39.418,1.802,4.371,4.469
LPG,Mean (last 6m),20,3,41.39,39.418,1.972,4.764,4.88
LPG,Mean (last 6m),20,4,42.54,39.418,3.122,7.338,7.618
LPG,Mean (last 6m),20,5,43.72,39.418,4.302,9.839,10.348
LPG,Mean (last 6m),20,6,36.48,39.418,-2.938,8.055,7.743
LPG,Mean (last 6m),21,1,41.22,40.912,0.308,0.748,0.751
LPG,Mean (last 6m),21,2,41.39,40.912,0.478,1.156,1.162
LPG,Mean (last 6m),21,3,42.54,40.912,1.628,3.828,3.902
LPG,Mean (last 6m),21,4,43.72,40.912,2.808,6.423,6.637
LPG,Mean (last 6m),21,5,36.48,40.912,-4.432,12.148,11.453
LPG,Mean (last 6m),22,1,41.39,41.25,0.14,0.338,0.339
LPG,Mean (last 6m),22,2,42.54,41.25,1.29,3.032,3.079
LPG,Mean (last 6m),22,3,43.72,41.25,2.47,5.65,5.814
LPG,Mean (last 6m),22,4,36.48,41.25,-4.77,13.076,12.273
LPG,Mean (last 6m),23,1,42.54,41.402,1.138,2.676,2.712
LPG,Mean (last 6m),23,2,43.72,41.402,2.318,5.303,5.447
LPG,Mean (last 6m),23,3,36.48,41.402,-4.922,13.491,12.639
LPG,Mean (last 6m),24,1,43.72,41.905,1.815,4.151,4.239
LPG,Mean (last 6m),24,2,36.48,41.905,-5.425,14.871,13.842
LPG,Mean (last 6m),25,1,36.48,42.27,-5.79,15.872,14.705
LPG,Drift,18,1,41.53,39.936,1.594,3.838,3.914
LPG,Drift,18,2,42.71,40.352,2.358,5.522,5.678
LPG,Drift,18,3,42.04,40.768,1.272,3.027,3.073
LPG,Drift,18,4,41.22,41.184,0.036,0.088,0.089
LPG,Drift,18,5,41.39,41.599,-0.209,0.506,0.505
LPG,Drift,18,6,42.54,42.015,0.525,1.233,1.241
LPG,Drift,19,1,42.71,42.034,0.676,1.582,1.594
LPG,Drift,19,2,42.04,42.539,-0.499,1.187,1.18
LPG,Drift,19,3,41.22,43.043,-1.823,4.423,4.328
LPG,Drift,19,4,41.39,43.548,-2.158,5.213,5.081
LPG,Drift,19,5,42.54,44.052,-1.512,3.555,3.493
LPG,Drift,19,6,43.72,44.557,-0.837,1.914,1.896
LPG,Drift,20,1,42.04,43.25,-1.21,2.878,2.837
LPG,Drift,20,2,41.22,43.79,-2.57,6.235,6.046
LPG,Drift,20,3,41.39,44.33,-2.94,7.103,6.86
LPG,Drift,20,4,42.54,44.87,-2.33,5.477,5.331
LPG,Drift,20,5,43.72,45.41,-1.69,3.866,3.792
LPG,Drift,20,6,36.48,45.95,-9.47,25.959,22.977
LPG,Drift,21,1,41.22,42.52,-1.3,3.153,3.104
LPG,Drift,21,2,41.39,42.999,-1.609,3.887,3.813
LPG,Drift,21,3,42.54,43.478,-0.938,2.206,2.182
LPG,Drift,21,4,43.72,43.958,-0.238,0.544,0.543
LPG,Drift,21,5,36.48,44.438,-7.958,21.813,19.668
LPG,Drift,22,1,41.39,41.638,-0.248,0.598,0.596
LPG,Drift,22,2,42.54,42.055,0.485,1.14,1.146
LPG,Drift,22,3,43.72,42.473,1.247,2.853,2.894
LPG,Drift,22,4,36.48,42.89,-6.41,17.573,16.153
LPG,Drift,23,1,42.54,41.796,0.744,1.748,1.764
LPG,Drift,23,2,43.72,42.203,1.517,3.47,3.532
LPG,Drift,23,3,36.48,42.609,-6.129,16.801,15.499
LPG,Drift,24,1,43.72,42.979,0.741,1.696,1.71
LPG,Drift,24,2,36.48,43.417,-6.937,19.017,17.366
LPG,Drift,25,1,36.48,44.19,-7.71,21.134,19.114
LPG,Seasonal naive,18,1,41.53,37.35,4.18,10.065,10.598
LPG,Seasonal naive,18,2,42.71,38.27,4.44,10.396,10.966
LPG,Seasonal naive,18,3,42.04,33.83,8.21,19.529,21.642
LPG,Seasonal naive,18,4,41.22,36.44,4.78,11.596,12.31
LPG,Seasonal naive,18,5,41.39,36.05,5.34,12.902,13.791
LPG,Seasonal naive,18,6,42.54,37.49,5.05,11.871,12.62
LPG,Seasonal naive,19,1,42.71,38.27,4.44,10.396,10.966
LPG,Seasonal naive,19,2,42.04,33.83,8.21,19.529,21.642
LPG,Seasonal naive,19,3,41.22,36.44,4.78,11.596,12.31
LPG,Seasonal naive,19,4,41.39,36.05,5.34,12.902,13.791
LPG,Seasonal naive,19,5,42.54,37.49,5.05,11.871,12.62
LPG,Seasonal naive,19,6,43.72,38.1,5.62,12.855,13.737
LPG,Seasonal naive,20,1,42.04,33.83,8.21,19.529,21.642
LPG,Seasonal naive,20,2,41.22,36.44,4.78,11.596,12.31
LPG,Seasonal naive,20,3,41.39,36.05,5.34,12.902,13.791
LPG,Seasonal naive,20,4,42.54,37.49,5.05,11.871,12.62
LPG,Seasonal naive,20,5,43.72,38.1,5.62,12.855,13.737
LPG,Seasonal naive,20,6,36.48,34.15,2.33,6.387,6.598
LPG,Seasonal naive,21,1,41.22,36.44,4.78,11.596,12.31
LPG,Seasonal naive,21,2,41.39,36.05,5.34,12.902,13.791
LPG,Seasonal naive,21,3,42.54,37.49,5.05,11.871,12.62
LPG,Seasonal naive,21,4,43.72,38.1,5.62,12.855,13.737
LPG,Seasonal naive,21,5,36.48,34.15,2.33,6.387,6.598
LPG,Seasonal naive,22,1,41.39,36.05,5.34,12.902,13.791
LPG,Seasonal naive,22,2,42.54,37.49,5.05,11.871,12.62
LPG,Seasonal naive,22,3,43.72,38.1,5.62,12.855,13.737
LPG,Seasonal naive,22,4,36.48,34.15,2.33,6.387,6.598
LPG,Seasonal naive,23,1,42.54,37.49,5.05,11.871,12.62
LPG,Seasonal naive,23,2,43.72,38.1,5.62,12.855,13.737
LPG,Seasonal naive,23,3,36.48,34.15,2.33,6.387,6.598
LPG,Seasonal naive,24,1,43.72,38.1,5.62,12.855,13.737
LPG,Seasonal naive,24,2,36.48,34.15,2.33,6.387,6.598
LPG,Seasonal naive,25,1,36.48,34.15,2.33,6.387,6.598
LPG,Seasonal naive x growth,18,1,41.53,42.905,-1.375,3.311,3.257
LPG,Seasonal naive x growth,18,2,42.71,43.962,-1.252,2.931,2.889
LPG,Seasonal naive x growth,18,3,42.04,38.862,3.178,7.56,7.857
LPG,Seasonal naive x growth,18,4,41.22,41.86,-0.64,1.552,1.54
LPG,Seasonal naive x growth,18,5,41.39,41.412,-0.022,0.053,0.053
LPG,Seasonal naive x growth,18,6,42.54,43.066,-0.526,1.237,1.229
LPG,Seasonal naive x growth,19,1,42.71,43.542,-0.832,1.948,1.929
LPG,Seasonal naive x growth,19,2,42.04,38.49,3.55,8.443,8.816
LPG,Seasonal naive x growth,19,3,41.22,41.46,-0.24,0.582,0.58
LPG,Seasonal naive x growth,19,4,41.39,41.016,0.374,0.903,0.907
LPG,Seasonal naive x growth,19,5,42.54,42.655,-0.115,0.269,0.269
LPG,Seasonal naive x growth,19,6,43.72,43.349,0.371,0.849,0.853
LPG,Seasonal naive x growth,20,1,42.04,38.001,4.039,9.607,10.092
LPG,Seasonal naive x growth,20,2,41.22,40.933,0.287,0.696,0.699
LPG,Seasonal naive x growth,20,3,41.39,40.495,0.895,2.163,2.186
LPG,Seasonal naive x growth,20,4,42.54,42.112,0.428,1.005,1.01
LPG,Seasonal naive x growth,20,5,43.72,42.798,0.922,2.11,2.132
LPG,Seasonal naive x growth,20,6,36.48,38.361,-1.881,5.155,5.026
LPG,Seasonal naive x growth,21,1,41.22,42.449,-1.229,2.982,2.939
LPG,Seasonal naive x growth,21,2,41.39,41.995,-0.605,1.462,1.451
LPG,Seasonal naive x growth,21,3,42.54,43.673,-1.133,2.662,2.627
LPG,Seasonal naive x growth,21,4,43.72,44.383,-0.663,1.517,1.505
LPG,Seasonal naive x growth,21,5,36.48,39.782,-3.302,9.051,8.659
LPG,Seasonal naive x growth,22,1,41.39,41.43,-0.04,0.097,0.097
LPG,Seasonal naive x growth,22,2,42.54,43.085,-0.545,1.281,1.273
LPG,Seasonal naive x growth,22,3,43.72,43.786,-0.066,0.151,0.151
LPG,Seasonal naive x growth,22,4,36.48,39.246,-2.766,7.584,7.307
LPG,Seasonal naive x growth,23,1,42.54,43.267,-0.727,1.71,1.696
LPG,Seasonal naive x growth,23,2,43.72,43.971,-0.251,0.575,0.574
LPG,Seasonal naive x growth,23,3,36.48,39.413,-2.933,8.039,7.729
LPG,Seasonal naive x growth,24,1,43.72,43.656,0.064,0.146,0.146
LPG,Seasonal naive x growth,24,2,36.48,39.13,-2.65,7.265,7.01
LPG,Seasonal naive x growth,25,1,36.48,39.337,-2.857,7.83,7.535
LPG,Damped-trend ETS,18,1,41.53,40.467,1.063,2.56,2.593
LPG,Damped-trend ETS,18,2,42.71,40.954,1.756,4.11,4.197
LPG,Damped-trend ETS,18,3,42.04,41.344,0.696,1.655,1.668
LPG,Damped-trend ETS,18,4,41.22,41.656,-0.436,1.059,1.053
LPG,Damped-trend ETS,18,5,41.39,41.906,-0.516,1.247,1.239
LPG,Damped-trend ETS,18,6,42.54,42.106,0.434,1.021,1.026
LPG,Damped-trend ETS,19,1,42.71,41.932,0.778,1.823,1.839
LPG,Damped-trend ETS,19,2,42.04,42.533,-0.493,1.173,1.166
LPG,Damped-trend ETS,19,3,41.22,43.014,-1.794,4.352,4.26
LPG,Damped-trend ETS,19,4,41.39,43.399,-2.009,4.854,4.739
LPG,Damped-trend ETS,19,5,42.54,43.707,-1.167,2.743,2.706
LPG,Damped-trend ETS,19,6,43.72,43.953,-0.233,0.533,0.532
LPG,Damped-trend ETS,20,1,42.04,43.22,-1.18,2.808,2.769
LPG,Damped-trend ETS,20,2,41.22,43.853,-2.633,6.387,6.19
LPG,Damped-trend ETS,20,3,41.39,44.359,-2.969,7.173,6.925
LPG,Damped-trend ETS,20,4,42.54,44.764,-2.224,5.227,5.094
LPG,Damped-trend ETS,20,5,43.72,45.088,-1.368,3.128,3.08
LPG,Damped-trend ETS,20,6,36.48,45.347,-8.867,24.306,21.672
LPG,Damped-trend ETS,21,1,41.22,42.831,-1.611,3.909,3.834
LPG,Damped-trend ETS,21,2,41.39,43.128,-1.738,4.198,4.112
LPG,Damped-trend ETS,21,3,42.54,43.365,-0.825,1.939,1.92
LPG,Damped-trend ETS,21,4,43.72,43.554,0.166,0.379,0.379
LPG,Damped-trend ETS,21,5,36.48,43.706,-7.226,19.808,18.023
LPG,Damped-trend ETS,22,1,41.39,41.736,-0.346,0.837,0.833
LPG,Damped-trend ETS,22,2,42.54,41.724,0.816,1.919,1.938
LPG,Damped-trend ETS,22,3,43.72,41.713,2.007,4.59,4.698
LPG,Damped-trend ETS,22,4,36.48,41.705,-5.225,14.323,13.366
LPG,Damped-trend ETS,23,1,42.54,41.426,1.114,2.618,2.653
LPG,Damped-trend ETS,23,2,43.72,41.364,2.356,5.389,5.539
LPG,Damped-trend ETS,23,3,36.48,41.314,-4.834,13.251,12.427
LPG,Damped-trend ETS,24,1,43.72,42.324,1.396,3.193,3.245
LPG,Damped-trend ETS,24,2,36.48,42.447,-5.967,16.357,15.12
LPG,Damped-trend ETS,25,1,36.48,43.655,-7.175,19.669,17.908
LPG,"ARIMA(0,1,1)",18,1,41.53,38.673,2.857,6.879,7.124
LPG,"ARIMA(0,1,1)",18,2,42.71,38.673,4.037,9.451,9.92
LPG,"ARIMA(0,1,1)",18,3,42.04,38.673,3.367,8.008,8.342
LPG,"ARIMA(0,1,1)",18,4,41.22,38.673,2.547,6.178,6.375
LPG,"ARIMA(0,1,1)",18,5,41.39,38.673,2.717,6.564,6.786
LPG,"ARIMA(0,1,1)",18,6,42.54,38.673,3.867,9.09,9.522
LPG,"ARIMA(0,1,1)",19,1,42.71,40.124,2.586,6.055,6.244
LPG,"ARIMA(0,1,1)",19,2,42.04,40.124,1.916,4.557,4.664
LPG,"ARIMA(0,1,1)",19,3,41.22,40.124,1.096,2.659,2.695
LPG,"ARIMA(0,1,1)",19,4,41.39,40.124,1.266,3.059,3.106
LPG,"ARIMA(0,1,1)",19,5,42.54,40.124,2.416,5.679,5.845
LPG,"ARIMA(0,1,1)",19,6,43.72,40.124,3.596,8.225,8.578
LPG,"ARIMA(0,1,1)",20,1,42.04,41.57,0.47,1.118,1.125
LPG,"ARIMA(0,1,1)",20,2,41.22,41.57,-0.35,0.849,0.845
LPG,"ARIMA(0,1,1)",20,3,41.39,41.57,-0.18,0.434,0.433
LPG,"ARIMA(0,1,1)",20,4,42.54,41.57,0.97,2.281,2.307
LPG,"ARIMA(0,1,1)",20,5,43.72,41.57,2.15,4.918,5.042
LPG,"ARIMA(0,1,1)",20,6,36.48,41.57,-5.09,13.952,13.042
LPG,"ARIMA(0,1,1)",21,1,41.22,41.834,-0.614,1.49,1.479
LPG,"ARIMA(0,1,1)",21,2,41.39,41.834,-0.444,1.073,1.067
LPG,"ARIMA(0,1,1)",21,3,42.54,41.834,0.706,1.659,1.673
LPG,"ARIMA(0,1,1)",21,4,43.72,41.834,1.886,4.314,4.409
LPG,"ARIMA(0,1,1)",21,5,36.48,41.834,-5.354,14.677,13.673
LPG,"ARIMA(0,1,1)",22,1,41.39,41.509,-0.119,0.287,0.287
LPG,"ARIMA(0,1,1)",22,2,42.54,41.509,1.031,2.424,2.454
LPG,"ARIMA(0,1,1)",22,3,43.72,41.509,2.211,5.057,5.189
LPG,"ARIMA(0,1,1)",22,4,36.48,41.509,-5.029,13.785,12.896
LPG,"ARIMA(0,1,1)",23,1,42.54,41.447,1.093,2.568,2.602
LPG,"ARIMA(0,1,1)",23,2,43.72,41.447,2.273,5.198,5.337
LPG,"ARIMA(0,1,1)",23,3,36.48,41.447,-4.967,13.617,12.749
LPG,"ARIMA(0,1,1)",24,1,43.72,42.012,1.708,3.906,3.984
LPG,"ARIMA(0,1,1)",24,2,36.48,42.012,-5.532,15.165,14.096
LPG,"ARIMA(0,1,1)",25,1,36.48,42.915,-6.435,17.639,16.209
LPG,Log-trend + seasonal (shrunk),18,1,41.53,41.174,0.356,0.856,0.86
LPG,Log-trend + seasonal (shrunk),18,2,42.71,41.929,0.781,1.83,1.847
LPG,Log-trend + seasonal (shrunk),18,3,42.04,39.658,2.382,5.666,5.832
LPG,Log-trend + seasonal (shrunk),18,4,41.22,41.406,-0.186,0.452,0.451
LPG,Log-trend + seasonal (shrunk),18,5,41.39,41.431,-0.041,0.099,0.099
LPG,Log-trend + seasonal (shrunk),18,6,42.54,42.504,0.036,0.085,0.085
LPG,Log-trend + seasonal (shrunk),19,1,42.71,42.406,0.304,0.711,0.714
LPG,Log-trend + seasonal (shrunk),19,2,42.04,40.124,1.916,4.557,4.663
LPG,Log-trend + seasonal (shrunk),19,3,41.22,41.909,-0.689,1.671,1.657
LPG,Log-trend + seasonal (shrunk),19,4,41.39,41.949,-0.559,1.351,1.342
LPG,Log-trend + seasonal (shrunk),19,5,42.54,43.051,-0.511,1.202,1.195
LPG,Log-trend + seasonal (shrunk),19,6,43.72,43.588,0.132,0.301,0.302
LPG,Log-trend + seasonal (shrunk),20,1,42.04,40.61,1.43,3.402,3.461
LPG,Log-trend + seasonal (shrunk),20,2,41.22,42.432,-1.212,2.939,2.897
LPG,Log-trend + seasonal (shrunk),20,3,41.39,42.489,-1.099,2.655,2.62
LPG,Log-trend + seasonal (shrunk),20,4,42.54,43.622,-1.082,2.542,2.51
LPG,Log-trend + seasonal (shrunk),20,5,43.72,44.282,-0.562,1.286,1.278
LPG,Log-trend + seasonal (shrunk),20,6,36.48,41.834,-5.354,14.675,13.672
LPG,Log-trend + seasonal (shrunk),21,1,41.22,42.497,-1.277,3.099,3.051
LPG,Log-trend + seasonal (shrunk),21,2,41.39,42.558,-1.168,2.823,2.784
LPG,Log-trend + seasonal (shrunk),21,3,42.54,43.697,-1.157,2.72,2.683
LPG,Log-trend + seasonal (shrunk),21,4,43.72,44.386,-0.666,1.524,1.513
LPG,Log-trend + seasonal (shrunk),21,5,36.48,41.936,-5.456,14.956,13.915
LPG,Log-trend + seasonal (shrunk),22,1,41.39,42.421,-1.031,2.492,2.461
LPG,Log-trend + seasonal (shrunk),22,2,42.54,43.55,-1.01,2.375,2.347
LPG,Log-trend + seasonal (shrunk),22,3,43.72,44.197,-0.477,1.092,1.086
LPG,Log-trend + seasonal (shrunk),22,4,36.48,41.752,-5.272,14.451,13.477
LPG,Log-trend + seasonal (shrunk),23,1,42.54,43.363,-0.823,1.934,1.915
LPG,Log-trend + seasonal (shrunk),23,2,43.72,43.961,-0.241,0.55,0.549
LPG,Log-trend + seasonal (shrunk),23,3,36.48,41.522,-5.042,13.821,12.927
LPG,Log-trend + seasonal (shrunk),24,1,43.72,43.914,-0.194,0.444,0.443
LPG,Log-trend + seasonal (shrunk),24,2,36.48,41.476,-4.996,13.696,12.818
LPG,Log-trend + seasonal (shrunk),25,1,36.48,41.539,-5.059,13.867,12.968
Jet fuel*,Naive,18,1,58.98,54.36,4.62,7.833,8.152
Jet fuel*,Naive,18,2,61.78,54.36,7.42,12.01,12.778
Jet fuel*,Naive,18,3,56.6,54.36,2.24,3.958,4.037
Jet fuel*,Naive,18,4,56.44,54.36,2.08,3.685,3.755
Jet fuel*,Naive,18,5,55.71,54.36,1.35,2.423,2.453
Jet fuel*,Naive,18,6,59.39,54.36,5.03,8.469,8.844
Jet fuel*,Naive,19,1,61.78,58.98,2.8,4.532,4.637
Jet fuel*,Naive,19,2,56.6,58.98,-2.38,4.205,4.118
Jet fuel*,Naive,19,3,56.44,58.98,-2.54,4.5,4.401
Jet fuel*,Naive,19,4,55.71,58.98,-3.27,5.87,5.702
Jet fuel*,Naive,19,5,59.39,58.98,0.41,0.69,0.693
Jet fuel*,Naive,19,6,59.47,58.98,0.49,0.824,0.827
Jet fuel*,Naive,20,1,56.6,61.78,-5.18,9.152,8.751
Jet fuel*,Naive,20,2,56.44,61.78,-5.34,9.461,9.034
Jet fuel*,Naive,20,3,55.71,61.78,-6.07,10.896,10.333
Jet fuel*,Naive,20,4,59.39,61.78,-2.39,4.024,3.945
Jet fuel*,Naive,20,5,59.47,61.78,-2.31,3.884,3.81
Jet fuel*,Naive,20,6,54.57,61.78,-7.21,13.212,12.394
Jet fuel*,Naive,21,1,56.44,56.6,-0.16,0.283,0.283
Jet fuel*,Naive,21,2,55.71,56.6,-0.89,1.598,1.585
Jet fuel*,Naive,21,3,59.39,56.6,2.79,4.698,4.811
Jet fuel*,Naive,21,4,59.47,56.6,2.87,4.826,4.945
Jet fuel*,Naive,21,5,54.57,56.6,-2.03,3.72,3.652
Jet fuel*,Naive,22,1,55.71,56.44,-0.73,1.31,1.302
Jet fuel*,Naive,22,2,59.39,56.44,2.95,4.967,5.094
Jet fuel*,Naive,22,3,59.47,56.44,3.03,5.095,5.228
Jet fuel*,Naive,22,4,54.57,56.44,-1.87,3.427,3.369
Jet fuel*,Naive,23,1,59.39,55.71,3.68,6.196,6.394
Jet fuel*,Naive,23,2,59.47,55.71,3.76,6.323,6.529
Jet fuel*,Naive,23,3,54.57,55.71,-1.14,2.089,2.067
Jet fuel*,Naive,24,1,59.47,59.39,0.08,0.135,0.135
Jet fuel*,Naive,24,2,54.57,59.39,-4.82,8.833,8.459
Jet fuel*,Naive,25,1,54.57,59.47,-4.9,8.979,8.593
Jet fuel*,Mean (last 6m),18,1,58.98,58.74,0.24,0.407,0.408
Jet fuel*,Mean (last 6m),18,2,61.78,58.74,3.04,4.921,5.045
Jet fuel*,Mean (last 6m),18,3,56.6,58.74,-2.14,3.781,3.711
Jet fuel*,Mean (last 6m),18,4,56.44,58.74,-2.3,4.075,3.994
Jet fuel*,Mean (last 6m),18,5,55.71,58.74,-3.03,5.439,5.295
Jet fuel*,Mean (last 6m),18,6,59.39,58.74,0.65,1.094,1.1
Jet fuel*,Mean (last 6m),19,1,61.78,57.355,4.425,7.163,7.429
Jet fuel*,Mean (last 6m),19,2,56.6,57.355,-0.755,1.334,1.325
Jet fuel*,Mean (last 6m),19,3,56.44,57.355,-0.915,1.621,1.608
Jet fuel*,Mean (last 6m),19,4,55.71,57.355,-1.645,2.953,2.91
Jet fuel*,Mean (last 6m),19,5,59.39,57.355,2.035,3.427,3.486
Jet fuel*,Mean (last 6m),19,6,59.47,57.355,2.115,3.556,3.621
Jet fuel*,Mean (last 6m),20,1,56.6,57.742,-1.142,2.017,1.997
Jet fuel*,Mean (last 6m),20,2,56.44,57.742,-1.302,2.306,2.28
Jet fuel*,Mean (last 6m),20,3,55.71,57.742,-2.032,3.647,3.582
Jet fuel*,Mean (last 6m),20,4,59.39,57.742,1.648,2.775,2.814
Jet fuel*,Mean (last 6m),20,5,59.47,57.742,1.728,2.906,2.949
Jet fuel*,Mean (last 6m),20,6,54.57,57.742,-3.172,5.812,5.648
Jet fuel*,Mean (last 6m),21,1,56.44,56.855,-0.415,0.735,0.733
Jet fuel*,Mean (last 6m),21,2,55.71,56.855,-1.145,2.055,2.034
Jet fuel*,Mean (last 6m),21,3,59.39,56.855,2.535,4.268,4.361
Jet fuel*,Mean (last 6m),21,4,59.47,56.855,2.615,4.397,4.496
Jet fuel*,Mean (last 6m),21,5,54.57,56.855,-2.285,4.187,4.101
Jet fuel*,Mean (last 6m),22,1,55.71,57.195,-1.485,2.666,2.631
Jet fuel*,Mean (last 6m),22,2,59.39,57.195,2.195,3.696,3.765
Jet fuel*,Mean (last 6m),22,3,59.47,57.195,2.275,3.825,3.9
Jet fuel*,Mean (last 6m),22,4,54.57,57.195,-2.625,4.81,4.697
Jet fuel*,Mean (last 6m),23,1,59.39,57.312,2.078,3.499,3.562
Jet fuel*,Mean (last 6m),23,2,59.47,57.312,2.158,3.629,3.696
Jet fuel*,Mean (last 6m),23,3,54.57,57.312,-2.742,5.024,4.901
Jet fuel*,Mean (last 6m),24,1,59.47,58.15,1.32,2.22,2.245
Jet fuel*,Mean (last 6m),24,2,54.57,58.15,-3.58,6.56,6.352
Jet fuel*,Mean (last 6m),25,1,54.57,58.232,-3.662,6.71,6.492
Jet fuel*,Drift,18,1,58.98,53.975,5.005,8.486,8.862
Jet fuel*,Drift,18,2,61.78,53.589,8.191,13.258,14.199
Jet fuel*,Drift,18,3,56.6,53.204,3.396,6.0,6.185
Jet fuel*,Drift,18,4,56.44,52.819,3.621,6.416,6.629
Jet fuel*,Drift,18,5,55.71,52.434,3.276,5.881,6.059
Jet fuel*,Drift,18,6,59.39,52.048,7.342,12.362,13.176
Jet fuel*,Drift,19,1,61.78,58.873,2.907,4.706,4.819
Jet fuel*,Drift,19,2,56.6,58.766,-2.166,3.826,3.754
Jet fuel*,Drift,19,3,56.44,58.658,-2.218,3.93,3.855
Jet fuel*,Drift,19,4,55.71,58.551,-2.841,5.1,4.973
Jet fuel*,Drift,19,5,59.39,58.444,0.946,1.593,1.606
Jet fuel*,Drift,19,6,59.47,58.337,1.133,1.906,1.924
Jet fuel*,Drift,20,1,56.6,61.826,-5.226,9.233,8.825
Jet fuel*,Drift,20,2,56.44,61.872,-5.432,9.624,9.182
Jet fuel*,Drift,20,3,55.71,61.917,-6.207,11.142,10.554
Jet fuel*,Drift,20,4,59.39,61.963,-2.573,4.333,4.241
Jet fuel*,Drift,20,5,59.47,62.009,-2.539,4.269,4.18
Jet fuel*,Drift,20,6,54.57,62.055,-7.485,13.716,12.836
Jet fuel*,Drift,21,1,56.44,56.384,0.055,0.098,0.098
Jet fuel*,Drift,21,2,55.71,56.169,-0.459,0.824,0.821
Jet fuel*,Drift,21,3,59.39,55.954,3.436,5.786,5.959
Jet fuel*,Drift,21,4,59.47,55.738,3.732,6.275,6.479
Jet fuel*,Drift,21,5,54.57,55.522,-0.953,1.745,1.73
Jet fuel*,Drift,22,1,55.71,56.227,-0.517,0.928,0.924
Jet fuel*,Drift,22,2,59.39,56.014,3.376,5.684,5.85
Jet fuel*,Drift,22,3,59.47,55.801,3.669,6.169,6.365
Jet fuel*,Drift,22,4,54.57,55.589,-1.019,1.867,1.849
Jet fuel*,Drift,23,1,59.39,55.474,3.916,6.594,6.819
Jet fuel*,Drift,23,2,59.47,55.237,4.233,7.117,7.38
Jet fuel*,Drift,23,3,54.57,55.001,-0.431,0.79,0.787
Jet fuel*,Drift,24,1,59.47,59.324,0.146,0.246,0.246
Jet fuel*,Drift,24,2,54.57,59.258,-4.688,8.59,8.237
Jet fuel*,Drift,25,1,54.57,59.41,-4.84,8.869,8.493
Jet fuel*,Seasonal naive,18,1,58.98,64.78,-5.8,9.834,9.373
Jet fuel*,Seasonal naive,18,2,61.78,57.84,3.94,6.377,6.588
Jet fuel*,Seasonal naive,18,3,56.6,61.85,-5.25,9.276,8.864
Jet fuel*,Seasonal naive,18,4,56.44,62.35,-5.91,10.471,9.95
Jet fuel*,Seasonal naive,18,5,55.71,63.64,-7.93,14.234,13.289
Jet fuel*,Seasonal naive,18,6,59.39,63.45,-4.06,6.836,6.61
Jet fuel*,Seasonal naive,19,1,61.78,57.84,3.94,6.377,6.588
Jet fuel*,Seasonal naive,19,2,56.6,61.85,-5.25,9.276,8.864
Jet fuel*,Seasonal naive,19,3,56.44,62.35,-5.91,10.471,9.95
Jet fuel*,Seasonal naive,19,4,55.71,63.64,-7.93,14.234,13.289
Jet fuel*,Seasonal naive,19,5,59.39,63.45,-4.06,6.836,6.61
Jet fuel*,Seasonal naive,19,6,59.47,67.29,-7.82,13.149,12.338
Jet fuel*,Seasonal naive,20,1,56.6,61.85,-5.25,9.276,8.864
Jet fuel*,Seasonal naive,20,2,56.44,62.35,-5.91,10.471,9.95
Jet fuel*,Seasonal naive,20,3,55.71,63.64,-7.93,14.234,13.289
Jet fuel*,Seasonal naive,20,4,59.39,63.45,-4.06,6.836,6.61
Jet fuel*,Seasonal naive,20,5,59.47,67.29,-7.82,13.149,12.338
Jet fuel*,Seasonal naive,20,6,54.57,59.46,-4.89,8.961,8.577
Jet fuel*,Seasonal naive,21,1,56.44,62.35,-5.91,10.471,9.95
Jet fuel*,Seasonal naive,21,2,55.71,63.64,-7.93,14.234,13.289
Jet fuel*,Seasonal naive,21,3,59.39,63.45,-4.06,6.836,6.61
Jet fuel*,Seasonal naive,21,4,59.47,67.29,-7.82,13.149,12.338
Jet fuel*,Seasonal naive,21,5,54.57,59.46,-4.89,8.961,8.577
Jet fuel*,Seasonal naive,22,1,55.71,63.64,-7.93,14.234,13.289
Jet fuel*,Seasonal naive,22,2,59.39,63.45,-4.06,6.836,6.61
Jet fuel*,Seasonal naive,22,3,59.47,67.29,-7.82,13.149,12.338
Jet fuel*,Seasonal naive,22,4,54.57,59.46,-4.89,8.961,8.577
Jet fuel*,Seasonal naive,23,1,59.39,63.45,-4.06,6.836,6.61
Jet fuel*,Seasonal naive,23,2,59.47,67.29,-7.82,13.149,12.338
Jet fuel*,Seasonal naive,23,3,54.57,59.46,-4.89,8.961,8.577
Jet fuel*,Seasonal naive,24,1,59.47,67.29,-7.82,13.149,12.338
Jet fuel*,Seasonal naive,24,2,54.57,59.46,-4.89,8.961,8.577
Jet fuel*,Seasonal naive,25,1,54.57,59.46,-4.89,8.961,8.577
Jet fuel*,Seasonal naive x growth,18,1,58.98,63.697,-4.717,7.998,7.691
Jet fuel*,Seasonal naive x growth,18,2,61.78,56.873,4.907,7.942,8.27
Jet fuel*,Seasonal naive x growth,18,3,56.6,60.816,-4.216,7.449,7.182
Jet fuel*,Seasonal naive x growth,18,4,56.44,61.308,-4.868,8.625,8.269
Jet fuel*,Seasonal naive x growth,18,5,55.71,62.576,-6.866,12.325,11.61
Jet fuel*,Seasonal naive x growth,18,6,59.39,62.39,-3.0,5.051,4.926
Jet fuel*,Seasonal naive x growth,19,1,61.78,54.939,6.841,11.073,11.722
Jet fuel*,Seasonal naive x growth,19,2,56.6,58.748,-2.148,3.795,3.725
Jet fuel*,Seasonal naive x growth,19,3,56.44,59.223,-2.783,4.931,4.812
Jet fuel*,Seasonal naive x growth,19,4,55.71,60.448,-4.738,8.505,8.158
Jet fuel*,Seasonal naive x growth,19,5,59.39,60.268,-0.878,1.478,1.467
Jet fuel*,Seasonal naive x growth,19,6,59.47,63.915,-4.445,7.475,7.206
Jet fuel*,Seasonal naive x growth,20,1,56.6,59.497,-2.897,5.119,4.991
Jet fuel*,Seasonal naive x growth,20,2,56.44,59.978,-3.538,6.269,6.078
Jet fuel*,Seasonal naive x growth,20,3,55.71,61.219,-5.509,9.889,9.423
Jet fuel*,Seasonal naive x growth,20,4,59.39,61.036,-1.646,2.772,2.734
Jet fuel*,Seasonal naive x growth,20,5,59.47,64.73,-5.26,8.845,8.471
Jet fuel*,Seasonal naive x growth,20,6,54.57,57.198,-2.628,4.816,4.703
Jet fuel*,Seasonal naive x growth,21,1,56.44,58.36,-1.92,3.403,3.346
Jet fuel*,Seasonal naive x growth,21,2,55.71,59.568,-3.858,6.925,6.693
Jet fuel*,Seasonal naive x growth,21,3,59.39,59.39,-0.0,0.0,0.0
Jet fuel*,Seasonal naive x growth,21,4,59.47,62.984,-3.514,5.909,5.74
Jet fuel*,Seasonal naive x growth,21,5,54.57,55.655,-1.085,1.989,1.969
Jet fuel*,Seasonal naive x growth,22,1,55.71,59.47,-3.76,6.75,6.53
Jet fuel*,Seasonal naive x growth,22,2,59.39,59.293,0.097,0.163,0.164
Jet fuel*,Seasonal naive x growth,22,3,59.47,62.881,-3.411,5.736,5.576
Jet fuel*,Seasonal naive x growth,22,4,54.57,55.564,-0.994,1.822,1.806
Jet fuel*,Seasonal naive x growth,23,1,59.39,58.799,0.591,0.995,1.0
Jet fuel*,Seasonal naive x growth,23,2,59.47,62.358,-2.888,4.855,4.74
Jet fuel*,Seasonal naive x growth,23,3,54.57,55.101,-0.531,0.974,0.969
Jet fuel*,Seasonal naive x growth,24,1,59.47,62.789,-3.319,5.581,5.43
Jet fuel*,Seasonal naive x growth,24,2,54.57,55.483,-0.913,1.673,1.659
Jet fuel*,Seasonal naive x growth,25,1,54.57,55.19,-0.62,1.137,1.13
Jet fuel*,Damped-trend ETS,18,1,58.98,54.866,4.114,6.975,7.227
Jet fuel*,Damped-trend ETS,18,2,61.78,54.822,6.958,11.262,11.934
Jet fuel*,Damped-trend ETS,18,3,56.6,54.787,1.813,3.204,3.256
Jet fuel*,Damped-trend ETS,18,4,56.44,54.758,1.682,2.98,3.025
Jet fuel*,Damped-trend ETS,18,5,55.71,54.736,0.974,1.749,1.764
Jet fuel*,Damped-trend ETS,18,6,59.39,54.717,4.673,7.868,8.19
Jet fuel*,Damped-trend ETS,19,1,61.78,57.222,4.558,7.378,7.66
Jet fuel*,Damped-trend ETS,19,2,56.6,57.201,-0.601,1.061,1.056
Jet fuel*,Damped-trend ETS,19,3,56.44,57.184,-0.744,1.318,1.309
Jet fuel*,Damped-trend ETS,19,4,55.71,57.17,-1.46,2.621,2.587
Jet fuel*,Damped-trend ETS,19,5,59.39,57.159,2.231,3.756,3.828
Jet fuel*,Damped-trend ETS,19,6,59.47,57.151,2.319,3.9,3.978
Jet fuel*,Damped-trend ETS,20,1,56.6,59.997,-3.397,6.001,5.826
Jet fuel*,Damped-trend ETS,20,2,56.44,59.998,-3.558,6.304,6.111
Jet fuel*,Damped-trend ETS,20,3,55.71,59.999,-4.289,7.699,7.413
Jet fuel*,Damped-trend ETS,20,4,59.39,60.0,-0.61,1.027,1.021
Jet fuel*,Damped-trend ETS,20,5,59.47,60.0,-0.53,0.892,0.888
Jet fuel*,Damped-trend ETS,20,6,54.57,60.001,-5.431,9.952,9.48
Jet fuel*,Damped-trend ETS,21,1,56.44,58.015,-1.575,2.79,2.751
Jet fuel*,Damped-trend ETS,21,2,55.71,58.003,-2.293,4.116,4.033
Jet fuel*,Damped-trend ETS,21,3,59.39,57.993,1.397,2.352,2.38
Jet fuel*,Damped-trend ETS,21,4,59.47,57.986,1.484,2.496,2.527
Jet fuel*,Damped-trend ETS,21,5,54.57,57.98,-3.41,6.249,6.059
Jet fuel*,Damped-trend ETS,22,1,55.71,57.19,-1.48,2.656,2.621
Jet fuel*,Damped-trend ETS,22,2,59.39,57.175,2.215,3.729,3.8
Jet fuel*,Damped-trend ETS,22,3,59.47,57.164,2.306,3.878,3.955
Jet fuel*,Damped-trend ETS,22,4,54.57,57.154,-2.584,4.736,4.626
Jet fuel*,Damped-trend ETS,23,1,59.39,56.38,3.01,5.068,5.2
Jet fuel*,Damped-trend ETS,23,2,59.47,56.364,3.106,5.224,5.364
Jet fuel*,Damped-trend ETS,23,3,54.57,56.35,-1.78,3.262,3.21
Jet fuel*,Damped-trend ETS,24,1,59.47,57.893,1.577,2.653,2.688
Jet fuel*,Damped-trend ETS,24,2,54.57,57.889,-3.319,6.081,5.902
Jet fuel*,Damped-trend ETS,25,1,54.57,58.702,-4.132,7.572,7.296
Jet fuel*,"ARIMA(0,1,1)",18,1,58.98,55.03,3.95,6.696,6.928
Jet fuel*,"ARIMA(0,1,1)",18,2,61.78,55.03,6.75,10.925,11.556
Jet fuel*,"ARIMA(0,1,1)",18,3,56.6,55.03,1.57,2.773,2.812
Jet fuel*,"ARIMA(0,1,1)",18,4,56.44,55.03,1.41,2.497,2.529
Jet fuel*,"ARIMA(0,1,1)",18,5,55.71,55.03,0.68,1.22,1.227
Jet fuel*,"ARIMA(0,1,1)",18,6,59.39,55.03,4.36,7.341,7.62
Jet fuel*,"ARIMA(0,1,1)",19,1,61.78,57.249,4.531,7.333,7.613
Jet fuel*,"ARIMA(0,1,1)",19,2,56.6,57.249,-0.649,1.147,1.141
Jet fuel*,"ARIMA(0,1,1)",19,3,56.44,57.249,-0.809,1.434,1.424
Jet fuel*,"ARIMA(0,1,1)",19,4,55.71,57.249,-1.539,2.763,2.726
Jet fuel*,"ARIMA(0,1,1)",19,5,59.39,57.249,2.141,3.604,3.67
Jet fuel*,"ARIMA(0,1,1)",19,6,59.47,57.249,2.221,3.734,3.805
Jet fuel*,"ARIMA(0,1,1)",20,1,56.6,59.761,-3.161,5.585,5.433
Jet fuel*,"ARIMA(0,1,1)",20,2,56.44,59.761,-3.321,5.884,5.716
Jet fuel*,"ARIMA(0,1,1)",20,3,55.71,59.761,-4.051,7.272,7.017
Jet fuel*,"ARIMA(0,1,1)",20,4,59.39,59.761,-0.371,0.625,0.623
Jet fuel*,"ARIMA(0,1,1)",20,5,59.47,59.761,-0.291,0.489,0.488
Jet fuel*,"ARIMA(0,1,1)",20,6,54.57,59.761,-5.191,9.513,9.081
Jet fuel*,"ARIMA(0,1,1)",21,1,56.44,58.081,-1.641,2.908,2.866
Jet fuel*,"ARIMA(0,1,1)",21,2,55.71,58.081,-2.371,4.256,4.168
Jet fuel*,"ARIMA(0,1,1)",21,3,59.39,58.081,1.309,2.204,2.228
Jet fuel*,"ARIMA(0,1,1)",21,4,59.47,58.081,1.389,2.335,2.363
Jet fuel*,"ARIMA(0,1,1)",21,5,54.57,58.081,-3.511,6.434,6.234
Jet fuel*,"ARIMA(0,1,1)",22,1,55.71,57.342,-1.632,2.93,2.888
Jet fuel*,"ARIMA(0,1,1)",22,2,59.39,57.342,2.048,3.448,3.508
Jet fuel*,"ARIMA(0,1,1)",22,3,59.47,57.342,2.128,3.578,3.643
Jet fuel*,"ARIMA(0,1,1)",22,4,54.57,57.342,-2.772,5.08,4.955
Jet fuel*,"ARIMA(0,1,1)",23,1,59.39,56.556,2.834,4.772,4.889
Jet fuel*,"ARIMA(0,1,1)",23,2,59.47,56.556,2.914,4.9,5.023
Jet fuel*,"ARIMA(0,1,1)",23,3,54.57,56.556,-1.986,3.639,3.574
Jet fuel*,"ARIMA(0,1,1)",24,1,59.47,57.824,1.646,2.767,2.806
Jet fuel*,"ARIMA(0,1,1)",24,2,54.57,57.824,-3.254,5.964,5.791
Jet fuel*,"ARIMA(0,1,1)",25,1,54.57,58.545,-3.975,7.284,7.028
Jet fuel*,Log-trend + seasonal (shrunk),18,1,58.98,60.349,-1.369,2.321,2.294
Jet fuel*,Log-trend + seasonal (shrunk),18,2,61.78,56.946,4.834,7.824,8.143
Jet fuel*,Log-trend + seasonal (shrunk),18,3,56.6,58.806,-2.206,3.898,3.823
Jet fuel*,Log-trend + seasonal (shrunk),18,4,56.44,58.962,-2.522,4.469,4.371
Jet fuel*,Log-trend + seasonal (shrunk),18,5,55.71,59.487,-3.777,6.78,6.557
Jet fuel*,Log-trend + seasonal (shrunk),18,6,59.39,59.316,0.074,0.124,0.124
Jet fuel*,Log-trend + seasonal (shrunk),19,1,61.78,57.099,4.681,7.577,7.875
Jet fuel*,Log-trend + seasonal (shrunk),19,2,56.6,58.967,-2.367,4.181,4.096
Jet fuel*,Log-trend + seasonal (shrunk),19,3,56.44,59.126,-2.686,4.759,4.648
Jet fuel*,Log-trend + seasonal (shrunk),19,4,55.71,59.655,-3.945,7.082,6.84
Jet fuel*,Log-trend + seasonal (shrunk),19,5,59.39,59.487,-0.097,0.164,0.163
Jet fuel*,Log-trend + seasonal (shrunk),19,6,59.47,59.201,0.269,0.452,0.453
Jet fuel*,Log-trend + seasonal (shrunk),20,1,56.6,59.521,-2.921,5.161,5.031
Jet fuel*,Log-trend + seasonal (shrunk),20,2,56.44,59.705,-3.265,5.785,5.622
Jet fuel*,Log-trend + seasonal (shrunk),20,3,55.71,60.262,-4.552,8.172,7.851
Jet fuel*,Log-trend + seasonal (shrunk),20,4,59.39,60.116,-0.726,1.222,1.215
Jet fuel*,Log-trend + seasonal (shrunk),20,5,59.47,59.989,-0.519,0.872,0.869
Jet fuel*,Log-trend + seasonal (shrunk),20,6,54.57,57.887,-3.317,6.078,5.898
Jet fuel*,Log-trend + seasonal (shrunk),21,1,56.44,59.298,-2.858,5.065,4.939
Jet fuel*,Log-trend + seasonal (shrunk),21,2,55.71,59.836,-4.126,7.406,7.142
Jet fuel*,Log-trend + seasonal (shrunk),21,3,59.39,59.674,-0.284,0.479,0.478
Jet fuel*,Log-trend + seasonal (shrunk),21,4,59.47,59.436,0.034,0.058,0.058
Jet fuel*,Log-trend + seasonal (shrunk),21,5,54.57,57.337,-2.767,5.071,4.946
Jet fuel*,Log-trend + seasonal (shrunk),22,1,55.71,59.541,-3.831,6.877,6.649
Jet fuel*,Log-trend + seasonal (shrunk),22,2,59.39,59.368,0.022,0.037,0.037
Jet fuel*,Log-trend + seasonal (shrunk),22,3,59.47,59.046,0.424,0.714,0.716
Jet fuel*,Log-trend + seasonal (shrunk),22,4,54.57,56.949,-2.379,4.36,4.267
Jet fuel*,Log-trend + seasonal (shrunk),23,1,59.39,59.089,0.301,0.507,0.508
Jet fuel*,Log-trend + seasonal (shrunk),23,2,59.47,58.681,0.789,1.327,1.336
Jet fuel*,Log-trend + seasonal (shrunk),23,3,54.57,56.586,-2.016,3.694,3.627
Jet fuel*,Log-trend + seasonal (shrunk),24,1,59.47,59.11,0.36,0.606,0.607
Jet fuel*,Log-trend + seasonal (shrunk),24,2,54.57,57.009,-2.439,4.47,4.372
Jet fuel*,Log-trend + seasonal (shrunk),25,1,54.57,57.376,-2.806,5.142,5.013
Total,Naive,18,1,502.47,444.28,58.19,11.581,12.293
Total,Naive,18,2,502.1,444.28,57.82,11.516,12.219
Total,Naive,18,3,484.32,444.28,40.04,8.267,8.624
Total,Naive,18,4,505.37,444.28,61.09,12.088,12.866
Total,Naive,18,5,467.62,444.28,23.34,4.991,5.119
Total,Naive,18,6,508.31,444.28,64.03,12.597,13.443
Total,Naive,19,1,502.1,502.47,-0.37,0.074,0.074
Total,Naive,19,2,484.32,502.47,-18.15,3.748,3.679
Total,Naive,19,3,505.37,502.47,2.9,0.574,0.575
Total,Naive,19,4,467.62,502.47,-34.85,7.453,7.185
Total,Naive,19,5,508.31,502.47,5.84,1.149,1.156
Total,Naive,19,6,501.32,502.47,-1.15,0.229,0.229
Total,Naive,20,1,484.32,502.1,-17.78,3.671,3.605
Total,Naive,20,2,505.37,502.1,3.27,0.647,0.649
Total,Naive,20,3,467.62,502.1,-34.48,7.374,7.111
Total,Naive,20,4,508.31,502.1,6.21,1.222,1.229
Total,Naive,20,5,501.32,502.1,-0.78,0.156,0.155
Total,Naive,20,6,457.89,502.1,-44.21,9.655,9.211
Total,Naive,21,1,505.37,484.32,21.05,4.165,4.254
Total,Naive,21,2,467.62,484.32,-16.7,3.571,3.509
Total,Naive,21,3,508.31,484.32,23.99,4.72,4.834
Total,Naive,21,4,501.32,484.32,17.0,3.391,3.45
Total,Naive,21,5,457.89,484.32,-26.43,5.772,5.61
Total,Naive,22,1,467.62,505.37,-37.75,8.073,7.76
Total,Naive,22,2,508.31,505.37,2.94,0.578,0.58
Total,Naive,22,3,501.32,505.37,-4.05,0.808,0.805
Total,Naive,22,4,457.89,505.37,-47.48,10.369,9.858
Total,Naive,23,1,508.31,467.62,40.69,8.005,8.339
Total,Naive,23,2,501.32,467.62,33.7,6.722,6.956
Total,Naive,23,3,457.89,467.62,-9.73,2.125,2.103
Total,Naive,24,1,501.32,508.31,-6.99,1.394,1.385
Total,Naive,24,2,457.89,508.31,-50.42,11.011,10.437
Total,Naive,25,1,457.89,501.32,-43.43,9.485,9.055
Total,Mean (last 6m),18,1,502.47,457.048,45.422,9.04,9.468
Total,Mean (last 6m),18,2,502.1,457.048,45.052,8.973,9.394
Total,Mean (last 6m),18,3,484.32,457.048,27.272,5.631,5.794
Total,Mean (last 6m),18,4,505.37,457.048,48.322,9.562,10.042
Total,Mean (last 6m),18,5,467.62,457.048,10.572,2.261,2.287
Total,Mean (last 6m),18,6,508.31,457.048,51.262,10.085,10.62
Total,Mean (last 6m),19,1,502.1,463.43,38.67,7.702,8.01
Total,Mean (last 6m),19,2,484.32,463.43,20.89,4.313,4.408
Total,Mean (last 6m),19,3,505.37,463.43,41.94,8.299,8.658
Total,Mean (last 6m),19,4,467.62,463.43,4.19,0.896,0.9
Total,Mean (last 6m),19,5,508.31,463.43,44.88,8.829,9.237
Total,Mean (last 6m),19,6,501.32,463.43,37.89,7.558,7.855
Total,Mean (last 6m),20,1,484.32,475.177,9.143,1.888,1.906
Total,Mean (last 6m),20,2,505.37,475.177,30.193,5.975,6.158
Total,Mean (last 6m),20,3,467.62,475.177,-7.557,1.616,1.603
Total,Mean (last 6m),20,4,508.31,475.177,33.133,6.518,6.738
Total,Mean (last 6m),20,5,501.32,475.177,26.143,5.215,5.355
Total,Mean (last 6m),20,6,457.89,475.177,-17.287,3.775,3.705
Total,Mean (last 6m),21,1,505.37,479.207,26.163,5.177,5.315
Total,Mean (last 6m),21,2,467.62,479.207,-11.587,2.478,2.447
Total,Mean (last 6m),21,3,508.31,479.207,29.103,5.726,5.894
Total,Mean (last 6m),21,4,501.32,479.207,22.113,4.411,4.511
Total,Mean (last 6m),21,5,457.89,479.207,-21.317,4.655,4.55
Total,Mean (last 6m),22,1,467.62,485.302,-17.682,3.781,3.711
Total,Mean (last 6m),22,2,508.31,485.302,23.008,4.526,4.631
Total,Mean (last 6m),22,3,501.32,485.302,16.018,3.195,3.247
Total,Mean (last 6m),22,4,457.89,485.302,-27.412,5.987,5.813
Total,Mean (last 6m),23,1,508.31,484.36,23.95,4.712,4.825
Total,Mean (last 6m),23,2,501.32,484.36,16.96,3.383,3.441
Total,Mean (last 6m),23,3,457.89,484.36,-26.47,5.781,5.618
Total,Mean (last 6m),24,1,501.32,495.032,6.288,1.254,1.262
Total,Mean (last 6m),24,2,457.89,495.032,-37.142,8.111,7.795
Total,Mean (last 6m),25,1,457.89,494.84,-36.95,8.07,7.757
Total,Drift,18,1,502.47,446.048,56.422,11.229,11.897
Total,Drift,18,2,502.1,447.816,54.284,10.811,11.429
Total,Drift,18,3,484.32,449.585,34.735,7.172,7.439
Total,Drift,18,4,505.37,451.353,54.017,10.689,11.292
Total,Drift,18,5,467.62,453.121,14.499,3.101,3.149
Total,Drift,18,6,508.31,454.889,53.421,10.509,11.092
Total,Drift,19,1,502.1,507.373,-5.273,1.05,1.045
Total,Drift,19,2,484.32,512.276,-27.956,5.772,5.61
Total,Drift,19,3,505.37,517.178,-11.808,2.337,2.31
Total,Drift,19,4,467.62,522.081,-54.461,11.646,11.006
Total,Drift,19,5,508.31,526.984,-18.674,3.674,3.607
Total,Drift,19,6,501.32,531.887,-30.567,6.097,5.917
Total,Drift,20,1,484.32,506.725,-22.405,4.626,4.522
Total,Drift,20,2,505.37,511.351,-5.981,1.183,1.176
Total,Drift,20,3,467.62,515.976,-48.356,10.341,9.832
Total,Drift,20,4,508.31,520.601,-12.291,2.418,2.389
Total,Drift,20,5,501.32,525.226,-23.906,4.769,4.658
Total,Drift,20,6,457.89,529.852,-71.962,15.716,14.571
Total,Drift,21,1,505.37,487.825,17.545,3.472,3.533
Total,Drift,21,2,467.62,491.33,-23.71,5.07,4.945
Total,Drift,21,3,508.31,494.835,13.475,2.651,2.687
Total,Drift,21,4,501.32,498.34,2.98,0.594,0.596
Total,Drift,21,5,457.89,501.845,-43.955,9.599,9.16
Total,Drift,22,1,467.62,509.71,-42.09,9.001,8.613
Total,Drift,22,2,508.31,514.051,-5.741,1.129,1.123
Total,Drift,22,3,501.32,518.391,-17.071,3.405,3.348
Total,Drift,22,4,457.89,522.732,-64.842,14.161,13.225
Total,Drift,23,1,508.31,470.047,38.263,7.527,7.822
Total,Drift,23,2,501.32,472.475,28.845,5.754,5.924
Total,Drift,23,3,457.89,474.902,-17.012,3.715,3.648
Total,Drift,24,1,501.32,512.401,-11.081,2.21,2.186
Total,Drift,24,2,457.89,516.492,-58.602,12.798,12.028
Total,Drift,25,1,457.89,504.949,-47.059,10.277,9.775
Total,Seasonal naive,18,1,502.47,445.51,56.96,11.336,12.017
Total,Seasonal naive,18,2,502.1,452.31,49.79,9.916,10.434
Total,Seasonal naive,18,3,484.32,425.25,59.07,12.196,12.989
Total,Seasonal naive,18,4,505.37,461.93,43.44,8.596,8.982
Total,Seasonal naive,18,5,467.62,420.62,47.0,10.051,10.583
Total,Seasonal naive,18,6,508.31,450.66,57.65,11.342,12.023
Total,Seasonal naive,19,1,502.1,452.31,49.79,9.916,10.434
Total,Seasonal naive,19,2,484.32,425.25,59.07,12.196,12.989
Total,Seasonal naive,19,3,505.37,461.93,43.44,8.596,8.982
Total,Seasonal naive,19,4,467.62,420.62,47.0,10.051,10.583
Total,Seasonal naive,19,5,508.31,450.66,57.65,11.342,12.023
Total,Seasonal naive,19,6,501.32,464.18,37.14,7.408,7.693
Total,Seasonal naive,20,1,484.32,425.25,59.07,12.196,12.989
Total,Seasonal naive,20,2,505.37,461.93,43.44,8.596,8.982
Total,Seasonal naive,20,3,467.62,420.62,47.0,10.051,10.583
Total,Seasonal naive,20,4,508.31,450.66,57.65,11.342,12.023
Total,Seasonal naive,20,5,501.32,464.18,37.14,7.408,7.693
Total,Seasonal naive,20,6,457.89,431.62,26.27,5.737,5.907
Total,Seasonal naive,21,1,505.37,461.93,43.44,8.596,8.982
Total,Seasonal naive,21,2,467.62,420.62,47.0,10.051,10.583
Total,Seasonal naive,21,3,508.31,450.66,57.65,11.342,12.023
Total,Seasonal naive,21,4,501.32,464.18,37.14,7.408,7.693
Total,Seasonal naive,21,5,457.89,431.62,26.27,5.737,5.907
Total,Seasonal naive,22,1,467.62,420.62,47.0,10.051,10.583
Total,Seasonal naive,22,2,508.31,450.66,57.65,11.342,12.023
Total,Seasonal naive,22,3,501.32,464.18,37.14,7.408,7.693
Total,Seasonal naive,22,4,457.89,431.62,26.27,5.737,5.907
Total,Seasonal naive,23,1,508.31,450.66,57.65,11.342,12.023
Total,Seasonal naive,23,2,501.32,464.18,37.14,7.408,7.693
Total,Seasonal naive,23,3,457.89,431.62,26.27,5.737,5.907
Total,Seasonal naive,24,1,501.32,464.18,37.14,7.408,7.693
Total,Seasonal naive,24,2,457.89,431.62,26.27,5.737,5.907
Total,Seasonal naive,25,1,457.89,431.62,26.27,5.737,5.907
Total,Seasonal naive x growth,18,1,502.47,499.572,2.898,0.577,0.578
Total,Seasonal naive x growth,18,2,502.1,507.197,-5.097,1.015,1.01
Total,Seasonal naive x growth,18,3,484.32,476.853,7.467,1.542,1.554
Total,Seasonal naive x growth,18,4,505.37,517.984,-12.614,2.496,2.465
Total,Seasonal naive x growth,18,5,467.62,471.661,-4.041,0.864,0.861
Total,Seasonal naive x growth,18,6,508.31,505.347,2.963,0.583,0.585
Total,Seasonal naive x growth,19,1,502.1,507.782,-5.682,1.132,1.125
Total,Seasonal naive x growth,19,2,484.32,477.403,6.917,1.428,1.438
Total,Seasonal naive x growth,19,3,505.37,518.582,-13.212,2.614,2.581
Total,Seasonal naive x growth,19,4,467.62,472.205,-4.585,0.981,0.976
Total,Seasonal naive x growth,19,5,508.31,505.929,2.381,0.468,0.469
Total,Seasonal naive x growth,19,6,501.32,521.108,-19.788,3.947,3.871
Total,Seasonal naive x growth,20,1,484.32,479.861,4.459,0.921,0.925
Total,Seasonal naive x growth,20,2,505.37,521.252,-15.882,3.143,3.094
Total,Seasonal naive x growth,20,3,467.62,474.637,-7.017,1.501,1.489
Total,Seasonal naive x growth,20,4,508.31,508.535,-0.225,0.044,0.044
Total,Seasonal naive x growth,20,5,501.32,523.791,-22.471,4.482,4.384
Total,Seasonal naive x growth,20,6,457.89,487.05,-29.16,6.368,6.172
Total,Seasonal naive x growth,21,1,505.37,524.554,-19.184,3.796,3.725
Total,Seasonal naive x growth,21,2,467.62,477.643,-10.023,2.143,2.121
Total,Seasonal naive x growth,21,3,508.31,511.756,-3.446,0.678,0.676
Total,Seasonal naive x growth,21,4,501.32,527.109,-25.789,5.144,5.015
Total,Seasonal naive x growth,21,5,457.89,490.135,-32.245,7.042,6.802
Total,Seasonal naive x growth,22,1,467.62,472.454,-4.834,1.034,1.028
Total,Seasonal naive x growth,22,2,508.31,506.196,2.114,0.416,0.417
Total,Seasonal naive x growth,22,3,501.32,521.382,-20.062,4.002,3.923
Total,Seasonal naive x growth,22,4,457.89,484.809,-26.919,5.879,5.711
Total,Seasonal naive x growth,23,1,508.31,505.984,2.326,0.458,0.459
Total,Seasonal naive x growth,23,2,501.32,521.164,-19.844,3.958,3.882
Total,Seasonal naive x growth,23,3,457.89,484.607,-26.717,5.835,5.669
Total,Seasonal naive x growth,24,1,501.32,519.035,-17.715,3.534,3.472
Total,Seasonal naive x growth,24,2,457.89,482.627,-24.737,5.402,5.26
Total,Seasonal naive x growth,25,1,457.89,479.073,-21.183,4.626,4.522
Total,Damped-trend ETS,18,1,502.47,462.119,40.351,8.03,8.366
Total,Damped-trend ETS,18,2,502.1,462.114,39.986,7.964,8.294
Total,Damped-trend ETS,18,3,484.32,462.11,22.21,4.586,4.693
Total,Damped-trend ETS,18,4,505.37,462.107,43.263,8.561,8.944
Total,Damped-trend ETS,18,5,467.62,462.104,5.516,1.18,1.187
Total,Damped-trend ETS,18,6,508.31,462.102,46.208,9.091,9.523
Total,Damped-trend ETS,19,1,502.1,476.393,25.707,5.12,5.254
Total,Damped-trend ETS,19,2,484.32,481.466,2.854,0.589,0.591
Total,Damped-trend ETS,19,3,505.37,485.524,19.846,3.927,4.006
Total,Damped-trend ETS,19,4,467.62,488.77,-21.15,4.523,4.423
Total,Damped-trend ETS,19,5,508.31,491.367,16.943,3.333,3.39
Total,Damped-trend ETS,19,6,501.32,493.445,7.875,1.571,1.583
Total,Damped-trend ETS,20,1,484.32,493.516,-9.196,1.899,1.881
Total,Damped-trend ETS,20,2,505.37,501.44,3.93,0.778,0.781
Total,Damped-trend ETS,20,3,467.62,507.779,-40.159,8.588,8.234
Total,Damped-trend ETS,20,4,508.31,512.851,-4.541,0.893,0.889
Total,Damped-trend ETS,20,5,501.32,516.908,-15.588,3.109,3.062
Total,Damped-trend ETS,20,6,457.89,520.153,-62.263,13.598,12.732
Total,Damped-trend ETS,21,1,505.37,496.801,8.569,1.696,1.71
Total,Damped-trend ETS,21,2,467.62,501.862,-34.242,7.323,7.064
Total,Damped-trend ETS,21,3,508.31,505.911,2.399,0.472,0.473
Total,Damped-trend ETS,21,4,501.32,509.151,-7.831,1.562,1.55
Total,Damped-trend ETS,21,5,457.89,511.742,-53.852,11.761,11.108
Total,Damped-trend ETS,22,1,467.62,505.555,-37.935,8.112,7.796
Total,Damped-trend ETS,22,2,508.31,510.704,-2.394,0.471,0.47
Total,Damped-trend ETS,22,3,501.32,514.824,-13.504,2.694,2.658
Total,Damped-trend ETS,22,4,457.89,518.119,-60.229,13.154,12.342
Total,Damped-trend ETS,23,1,508.31,496.586,11.724,2.306,2.333
Total,Damped-trend ETS,23,2,501.32,496.616,4.704,0.938,0.943
Total,Damped-trend ETS,23,3,457.89,496.639,-38.749,8.463,8.119
Total,Damped-trend ETS,24,1,501.32,500.514,0.806,0.161,0.161
Total,Damped-trend ETS,24,2,457.89,501.926,-44.036,9.617,9.176
Total,Damped-trend ETS,25,1,457.89,502.196,-44.306,9.676,9.23
Total,"ARIMA(0,1,1)",18,1,502.47,455.535,46.935,9.341,9.799
Total,"ARIMA(0,1,1)",18,2,502.1,455.535,46.565,9.274,9.725
Total,"ARIMA(0,1,1)",18,3,484.32,455.535,28.785,5.943,6.126
Total,"ARIMA(0,1,1)",18,4,505.37,455.535,49.835,9.861,10.373
Total,"ARIMA(0,1,1)",18,5,467.62,455.535,12.085,2.584,2.618
Total,"ARIMA(0,1,1)",18,6,508.31,455.535,52.775,10.383,10.951
Total,"ARIMA(0,1,1)",19,1,502.1,472.215,29.885,5.952,6.135
Total,"ARIMA(0,1,1)",19,2,484.32,472.215,12.105,2.499,2.531
Total,"ARIMA(0,1,1)",19,3,505.37,472.215,33.155,6.561,6.783
Total,"ARIMA(0,1,1)",19,4,467.62,472.215,-4.595,0.983,0.978
Total,"ARIMA(0,1,1)",19,5,508.31,472.215,36.095,7.101,7.362
Total,"ARIMA(0,1,1)",19,6,501.32,472.215,29.105,5.806,5.979
Total,"ARIMA(0,1,1)",20,1,484.32,485.533,-1.213,0.25,0.25
Total,"ARIMA(0,1,1)",20,2,505.37,485.533,19.837,3.925,4.004
Total,"ARIMA(0,1,1)",20,3,467.62,485.533,-17.913,3.831,3.759
Total,"ARIMA(0,1,1)",20,4,508.31,485.533,22.777,4.481,4.584
Total,"ARIMA(0,1,1)",20,5,501.32,485.533,15.787,3.149,3.2
Total,"ARIMA(0,1,1)",20,6,457.89,485.533,-27.643,6.037,5.86
Total,"ARIMA(0,1,1)",21,1,505.37,484.98,20.39,4.035,4.118
Total,"ARIMA(0,1,1)",21,2,467.62,484.98,-17.36,3.712,3.645
Total,"ARIMA(0,1,1)",21,3,508.31,484.98,23.33,4.59,4.698
Total,"ARIMA(0,1,1)",21,4,501.32,484.98,16.34,3.259,3.313
Total,"ARIMA(0,1,1)",21,5,457.89,484.98,-27.09,5.916,5.746
Total,"ARIMA(0,1,1)",22,1,467.62,493.806,-26.186,5.6,5.447
Total,"ARIMA(0,1,1)",22,2,508.31,493.806,14.504,2.853,2.895
Total,"ARIMA(0,1,1)",22,3,501.32,493.806,7.514,1.499,1.51
Total,"ARIMA(0,1,1)",22,4,457.89,493.806,-35.916,7.844,7.548
Total,"ARIMA(0,1,1)",23,1,508.31,482.968,25.342,4.986,5.113
Total,"ARIMA(0,1,1)",23,2,501.32,482.968,18.352,3.661,3.729
Total,"ARIMA(0,1,1)",23,3,457.89,482.968,-25.078,5.477,5.331
Total,"ARIMA(0,1,1)",24,1,501.32,492.797,8.523,1.7,1.715
Total,"ARIMA(0,1,1)",24,2,457.89,492.797,-34.907,7.623,7.343
Total,"ARIMA(0,1,1)",25,1,457.89,496.225,-38.335,8.372,8.036
Total,Log-trend + seasonal (shrunk),18,1,502.47,479.927,22.543,4.486,4.589
Total,Log-trend + seasonal (shrunk),18,2,502.1,485.569,16.531,3.292,3.348
Total,Log-trend + seasonal (shrunk),18,3,484.32,472.76,11.56,2.387,2.416
Total,Log-trend + seasonal (shrunk),18,4,505.37,494.758,10.612,2.1,2.122
Total,Log-trend + seasonal (shrunk),18,5,467.62,474.063,-6.443,1.378,1.368
Total,Log-trend + seasonal (shrunk),18,6,508.31,492.722,15.588,3.067,3.114
Total,Log-trend + seasonal (shrunk),19,1,502.1,492.65,9.45,1.882,1.9
Total,Log-trend + seasonal (shrunk),19,2,484.32,479.905,4.415,0.912,0.916
Total,Log-trend + seasonal (shrunk),19,3,505.37,502.497,2.873,0.569,0.57
Total,Log-trend + seasonal (shrunk),19,4,467.62,481.728,-14.108,3.017,2.972
Total,Log-trend + seasonal (shrunk),19,5,508.31,500.95,7.36,1.448,1.459
Total,Log-trend + seasonal (shrunk),19,6,501.32,510.429,-9.109,1.817,1.801
Total,Log-trend + seasonal (shrunk),20,1,484.32,484.353,-0.033,0.007,0.007
Total,Log-trend + seasonal (shrunk),20,2,505.37,507.31,-1.94,0.384,0.383
Total,Log-trend + seasonal (shrunk),20,3,467.62,486.493,-18.873,4.036,3.956
Total,Log-trend + seasonal (shrunk),20,4,508.31,506.06,2.25,0.443,0.444
Total,Log-trend + seasonal (shrunk),20,5,501.32,516.748,-15.428,3.078,3.031
Total,Log-trend + seasonal (shrunk),20,6,457.89,506.318,-48.428,10.576,10.045
Total,Log-trend + seasonal (shrunk),21,1,505.37,506.108,-0.738,0.146,0.146
Total,Log-trend + seasonal (shrunk),21,2,467.62,485.306,-17.686,3.782,3.712
Total,Log-trend + seasonal (shrunk),21,3,508.31,504.79,3.52,0.692,0.695
Total,Log-trend + seasonal (shrunk),21,4,501.32,515.198,-13.878,2.768,2.73
Total,Log-trend + seasonal (shrunk),21,5,457.89,504.763,-46.873,10.237,9.738
Total,Log-trend + seasonal (shrunk),22,1,467.62,487.728,-20.108,4.3,4.21
Total,Log-trend + seasonal (shrunk),22,2,508.31,507.381,0.929,0.183,0.183
Total,Log-trend + seasonal (shrunk),22,3,501.32,518.356,-17.036,3.398,3.342
Total,Log-trend + seasonal (shrunk),22,4,457.89,507.93,-50.04,10.928,10.362
Total,Log-trend + seasonal (shrunk),23,1,508.31,501.582,6.728,1.324,1.332
Total,Log-trend + seasonal (shrunk),23,2,501.32,511.111,-9.791,1.953,1.934
Total,Log-trend + seasonal (shrunk),23,3,457.89,500.645,-42.755,9.337,8.921
Total,Log-trend + seasonal (shrunk),24,1,501.32,512.743,-11.423,2.279,2.253
Total,Log-trend + seasonal (shrunk),24,2,457.89,502.288,-44.398,9.696,9.248
Total,Log-trend + seasonal (shrunk),25,1,457.89,501.747,-43.857,9.578,9.14
