series,model,date,fc,lo80,hi80,lo95,hi95
Diesel (AGO),Seasonal naive x growth,2026-03-01,217.1,208.9,225.2,204.6,229.5
Diesel (AGO),Seasonal naive x growth,2026-04-01,222.0,213.4,230.7,208.9,235.2
Diesel (AGO),Seasonal naive x growth,2026-05-01,221.8,213.0,230.7,208.3,235.4
Diesel (AGO),Seasonal naive x growth,2026-06-01,208.2,197.0,219.3,191.1,225.2
Diesel (AGO),Seasonal naive x growth,2026-07-01,238.5,226.4,250.5,220.1,256.9
Diesel (AGO),Seasonal naive x growth,2026-08-01,238.1,224.2,252.0,216.9,259.4
Diesel (AGO),Seasonal naive x growth,2026-09-01,229.4,214.4,244.4,206.4,252.3
Diesel (AGO),Seasonal naive x growth,2026-10-01,245.1,229.1,261.2,220.6,269.7
Diesel (AGO),Seasonal naive x growth,2026-11-01,219.3,202.3,236.3,193.3,245.3
Diesel (AGO),Seasonal naive x growth,2026-12-01,237.6,219.6,255.5,210.1,265.0
Diesel (AGO),Seasonal naive x growth,2027-01-01,234.1,215.3,253.0,205.4,262.9
Diesel (AGO),Seasonal naive x growth,2027-02-01,225.9,206.2,245.5,195.8,255.9
Petrol (PMS),Log-trend + seasonal (shrunk),2026-03-01,149.9,141.4,158.5,136.8,163.0
Petrol (PMS),Log-trend + seasonal (shrunk),2026-04-01,151.5,143.1,160.0,138.7,164.4
Petrol (PMS),Log-trend + seasonal (shrunk),2026-05-01,152.9,144.7,161.1,140.3,165.4
Petrol (PMS),Log-trend + seasonal (shrunk),2026-06-01,147.6,137.5,157.7,132.1,163.1
Petrol (PMS),Log-trend + seasonal (shrunk),2026-07-01,159.0,148.6,169.3,143.2,174.7
Petrol (PMS),Log-trend + seasonal (shrunk),2026-08-01,159.2,151.7,166.7,147.7,170.6
Petrol (PMS),Log-trend + seasonal (shrunk),2026-09-01,159.4,151.3,167.5,147.0,171.8
Petrol (PMS),Log-trend + seasonal (shrunk),2026-10-01,164.0,155.3,172.6,150.7,177.2
Petrol (PMS),Log-trend + seasonal (shrunk),2026-11-01,156.0,146.8,165.2,142.0,170.1
Petrol (PMS),Log-trend + seasonal (shrunk),2026-12-01,171.6,161.9,181.3,156.7,186.4
Petrol (PMS),Log-trend + seasonal (shrunk),2027-01-01,169.9,159.7,180.0,154.3,185.4
Petrol (PMS),Log-trend + seasonal (shrunk),2027-02-01,163.2,152.6,173.8,147.0,179.5
LPG,Seasonal naive x growth,2026-03-01,37.9,35.4,40.3,34.1,41.6
LPG,Seasonal naive x growth,2026-04-01,44.9,42.6,47.1,41.4,48.3
LPG,Seasonal naive x growth,2026-05-01,46.3,44.0,48.7,42.7,50.0
LPG,Seasonal naive x growth,2026-06-01,45.3,43.5,47.0,42.6,47.9
LPG,Seasonal naive x growth,2026-07-01,47.6,45.4,49.8,44.2,50.9
LPG,Seasonal naive x growth,2026-08-01,48.9,47.4,50.4,46.7,51.2
LPG,Seasonal naive x growth,2026-09-01,48.1,46.5,49.7,45.7,50.6
LPG,Seasonal naive x growth,2026-10-01,47.2,45.5,48.9,44.6,49.8
LPG,Seasonal naive x growth,2026-11-01,47.4,45.6,49.2,44.6,50.1
LPG,Seasonal naive x growth,2026-12-01,48.7,46.8,50.6,45.8,51.6
LPG,Seasonal naive x growth,2027-01-01,50.1,48.1,52.1,47.0,53.1
LPG,Seasonal naive x growth,2027-02-01,41.8,39.7,43.8,38.6,45.0
Jet fuel*,Mean (last 6m),2026-03-01,57.0,54.1,60.0,52.5,61.6
Jet fuel*,Mean (last 6m),2026-04-01,57.0,54.2,59.9,52.6,61.4
Jet fuel*,Mean (last 6m),2026-05-01,57.0,54.2,59.8,52.7,61.3
Jet fuel*,Mean (last 6m),2026-06-01,57.0,54.2,59.9,52.7,61.4
Jet fuel*,Mean (last 6m),2026-07-01,57.0,54.1,60.0,52.5,61.6
Jet fuel*,Mean (last 6m),2026-08-01,57.0,54.2,59.9,52.7,61.4
Jet fuel*,Mean (last 6m),2026-09-01,57.0,53.9,60.1,52.3,61.8
Jet fuel*,Mean (last 6m),2026-10-01,57.0,53.7,60.3,52.0,62.1
Jet fuel*,Mean (last 6m),2026-11-01,57.0,53.5,60.5,51.7,62.4
Jet fuel*,Mean (last 6m),2026-12-01,57.0,53.3,60.7,51.4,62.7
Jet fuel*,Mean (last 6m),2027-01-01,57.0,53.2,60.9,51.1,63.0
Jet fuel*,Mean (last 6m),2027-02-01,57.0,53.0,61.1,50.8,63.2
Total,Seasonal naive x growth,2026-03-01,507.0,491.2,522.9,482.8,531.2
Total,Seasonal naive x growth,2026-04-01,516.6,498.2,534.9,488.5,544.7
Total,Seasonal naive x growth,2026-05-01,521.5,501.9,541.1,491.5,551.5
Total,Seasonal naive x growth,2026-06-01,489.6,466.9,512.3,454.8,524.3
Total,Seasonal naive x growth,2026-07-01,553.7,528.3,579.1,514.9,592.5
Total,Seasonal naive x growth,2026-08-01,553.3,527.1,579.4,513.3,593.3
Total,Seasonal naive x growth,2026-09-01,533.7,505.4,562.0,490.5,576.9
Total,Seasonal naive x growth,2026-10-01,556.9,526.7,587.1,510.7,603.1
Total,Seasonal naive x growth,2026-11-01,515.3,483.2,547.3,466.3,564.3
Total,Seasonal naive x growth,2026-12-01,560.1,526.3,593.9,508.5,611.8
Total,Seasonal naive x growth,2027-01-01,552.4,517.0,587.9,498.2,606.6
Total,Seasonal naive x growth,2027-02-01,504.6,467.6,541.6,448.0,561.2
