series,model,n,MAE,RMSE,MAPE,sMAPE,MASE
Diesel (AGO),"ARIMA(0,1,1)",33,9.803,12.259,4.649,4.783,0.528
Diesel (AGO),Damped-trend ETS,33,8.881,10.72,4.205,4.311,0.479
Diesel (AGO),Drift,33,13.656,16.033,6.595,6.56,0.736
Diesel (AGO),Log-trend + seasonal (shrunk),33,7.82,8.888,3.728,3.771,0.422
Diesel (AGO),Mean (last 6m),33,10.039,12.363,4.743,4.895,0.541
Diesel (AGO),Naive,33,11.409,14.191,5.486,5.569,0.615
Diesel (AGO),Seasonal naive,33,21.423,22.379,10.249,10.853,1.155
Diesel (AGO),Seasonal naive x growth,33,5.707,7.798,2.703,2.754,0.308
Jet fuel*,"ARIMA(0,1,1)",33,2.497,2.892,4.344,4.345,0.478
Jet fuel*,Damped-trend ETS,33,2.594,2.996,4.509,4.514,0.497
Jet fuel*,Drift,33,3.272,3.916,5.678,5.694,0.627
Jet fuel*,Log-trend + seasonal (shrunk),33,2.108,2.611,3.719,3.654,0.404
Jet fuel*,Mean (last 6m),33,2.043,2.253,3.561,3.551,0.391
Jet fuel*,Naive,33,2.995,3.56,5.215,5.185,0.574
Jet fuel*,Seasonal naive,33,5.859,6.057,10.217,9.713,1.122
Jet fuel*,Seasonal naive x growth,33,3.012,3.545,5.22,5.097,0.577
LPG,"ARIMA(0,1,1)",33,2.451,3.01,6.146,6.064,0.489
LPG,Damped-trend ETS,33,2.225,3.149,5.713,5.416,0.444
LPG,Drift,33,2.361,3.466,6.098,5.727,0.471
LPG,Log-trend + seasonal (shrunk),33,1.591,2.384,4.125,3.952,0.317
LPG,Mean (last 6m),33,3.305,3.676,8.121,8.246,0.659
LPG,Naive,33,2.162,2.886,5.496,5.33,0.431
LPG,Seasonal naive,33,4.894,5.129,11.728,12.527,0.976
LPG,Seasonal naive x growth,33,1.235,1.71,3.113,3.092,0.246
Petrol (PMS),"ARIMA(0,1,1)",33,10.333,11.588,7.058,7.238,0.666
Petrol (PMS),Damped-trend ETS,33,9.523,10.842,6.647,6.655,0.614
Petrol (PMS),Drift,33,10.911,13.118,7.655,7.672,0.704
Petrol (PMS),Log-trend + seasonal (shrunk),33,4.912,6.922,3.618,3.499,0.317
Petrol (PMS),Mean (last 6m),33,10.733,12.112,7.281,7.535,0.692
Petrol (PMS),Naive,33,11.189,13.208,7.744,7.884,0.722
Petrol (PMS),Seasonal naive,33,13.686,14.379,9.394,9.903,0.883
Petrol (PMS),Seasonal naive x growth,33,6.278,7.697,4.42,4.279,0.405
Total,"ARIMA(0,1,1)",33,25.038,28.094,5.124,5.188,0.52
Total,Damped-trend ETS,33,24.026,30.402,5.023,4.938,0.499
Total,Drift,33,31.312,36.904,6.5,6.411,0.65
Total,Log-trend + seasonal (shrunk),33,16.585,22.444,3.499,3.406,0.344
Total,Mean (last 6m),33,26.727,29.648,5.436,5.544,0.555
Total,Naive,33,25.965,32.641,5.369,5.405,0.539
Total,Seasonal naive,33,44.511,45.932,9.07,9.528,0.924
Total,Seasonal naive x growth,33,12.848,16.003,2.668,2.615,0.267
