year,kbpd,mmbbl,revenue,opex,capex,roy,pre_fiscal_cf,cost_rec,profit_oil,gov_take,contractor_cf
2026,0.0,0.0,0.0,0.0,900.0,0.0,-900.0,0.0,0.0,0.0,-900.0
2027,19.8,7.2,462.5,151.8,2100.0,46.3,-1789.2,249.8,166.5,129.5,-1918.7
2028,39.6,14.5,925.1,303.5,1800.0,92.5,-1178.5,499.5,333.0,259.0,-1437.5
2029,60.0,21.9,1401.6,459.9,1200.0,140.2,-258.3,756.9,504.6,392.4,-650.7
2030,60.0,21.9,1401.6,459.9,0.0,140.2,941.7,756.9,504.6,392.4,549.3
2031,60.0,21.9,1401.6,459.9,0.0,140.2,941.7,756.9,504.6,392.4,549.3
2032,60.0,21.9,1401.6,459.9,0.0,140.2,941.7,756.9,504.6,392.4,549.3
2033,60.0,21.9,1401.6,459.9,0.0,140.2,941.7,756.9,504.6,392.4,549.3
2034,60.0,21.9,1401.6,459.9,0.0,140.2,941.7,756.9,504.6,392.4,549.3
2035,60.0,21.9,1401.6,459.9,0.0,140.2,941.7,756.9,504.6,392.4,549.3
2036,60.0,21.9,1401.6,459.9,0.0,140.2,941.7,756.9,504.6,392.4,549.3
2037,60.0,21.9,1401.6,459.9,0.0,140.2,941.7,756.9,504.6,392.4,549.3
2038,54.0,19.7,1261.4,413.9,0.0,126.1,847.5,681.2,454.1,353.2,494.3
2039,48.6,17.7,1135.3,372.5,0.0,113.5,762.8,613.1,408.7,317.9,444.9
2040,43.7,16.0,1021.8,335.3,0.0,102.2,686.5,551.8,367.8,286.1,400.4
2041,39.4,14.4,919.6,301.7,0.0,92.0,617.8,496.6,331.1,257.5,360.4
2042,35.4,12.9,827.6,271.6,0.0,82.8,556.1,446.9,297.9,231.7,324.3
2043,31.9,11.6,744.9,244.4,0.0,74.5,500.5,402.2,268.2,208.6,291.9
2044,28.7,10.5,670.4,220.0,0.0,67.0,450.4,362.0,241.3,187.7,262.7
2045,25.8,9.4,603.3,198.0,0.0,60.3,405.4,325.8,217.2,168.9,236.4
2046,23.2,8.5,543.0,178.2,0.0,54.3,364.8,293.2,195.5,152.0,212.8
2047,20.9,7.6,488.7,160.4,0.0,48.9,328.4,263.9,175.9,136.8,191.5
2048,18.8,6.9,439.8,144.3,0.0,44.0,295.5,237.5,158.3,123.2,172.4
2049,16.9,6.2,395.9,129.9,0.0,39.6,266.0,213.8,142.5,110.8,155.1
2050,15.3,5.6,356.3,116.9,0.0,35.6,239.4,192.4,128.3,99.8,139.6
2051,13.7,5.0,320.6,105.2,0.0,32.1,215.4,173.1,115.4,89.8,125.7
2052,12.4,4.5,288.6,94.7,0.0,28.9,193.9,155.8,103.9,80.8,113.1
2053,11.1,4.1,259.7,85.2,0.0,26.0,174.5,140.2,93.5,72.7,101.8
2054,10.0,3.7,233.7,76.7,0.0,23.4,157.0,126.2,84.1,65.4,91.6
2055,9.0,3.3,210.4,69.0,0.0,21.0,141.3,113.6,75.7,58.9,82.4
2056,8.1,3.0,189.3,62.1,0.0,18.9,127.2,102.2,68.2,53.0,74.2
2057,7.3,2.7,170.4,55.9,0.0,17.0,114.5,92.0,61.3,47.7,66.8
2058,6.6,2.4,153.4,50.3,0.0,15.3,103.0,82.8,55.2,42.9,60.1
2059,5.9,2.2,138.0,45.3,0.0,13.8,92.7,74.5,49.7,38.6,54.1
2060,5.3,1.9,124.2,40.8,0.0,12.4,83.5,67.1,44.7,34.8,48.7
