brent,diff,plateau,capex,opex_tariff,npv_project,npv_contractor,npv_gov
74.9,6.1,81.6,6872.7,17.7,4943.8,546.8,4397.0
52.6,8.3,77.3,5669.6,20.9,-196.6,-2702.4,2505.8
84.9,9.5,70.8,7254.7,20.9,3816.5,-215.0,4031.6
57.9,6.9,48.8,7271.9,22.2,-2621.2,-4444.4,1823.2
67.2,5.5,91.6,7532.9,23.5,2490.5,-1595.8,4086.3
64.8,6.3,47.3,5734.9,22.6,-533.2,-2558.3,2025.0
112.1,9.8,59.8,6153.0,21.1,7381.7,2079.0,5302.7
89.7,3.9,64.5,5891.2,22.5,5581.8,1132.7,4449.1
82.4,8.8,73.2,6047.1,24.1,4238.9,207.6,4031.2
73.7,5.7,58.6,6833.2,18.3,1691.3,-1234.3,2925.5
81.3,3.1,77.4,6787.5,22.8,5334.9,664.4,4670.5
65.2,6.2,67.8,5699.5,18.0,2344.5,-607.8,2952.3
57.9,6.3,67.7,7066.0,22.2,-928.5,-3485.1,2556.6
79.6,6.9,59.1,5328.4,20.8,3404.4,132.9,3271.5
84.5,5.9,81.2,5904.9,17.1,7964.4,2396.9,5567.5
78.1,5.1,71.5,6531.3,23.6,3595.8,-273.0,3868.7
80.3,5.8,78.9,5764.5,16.3,7003.7,1962.6,5041.1
64.4,8.1,64.1,5751.3,21.3,889.6,-1752.3,2641.9
77.8,7.9,63.5,6172.8,19.8,2976.9,-349.3,3326.1
68.8,5.5,50.3,5642.7,26.1,-9.9,-2338.1,2328.2
76.4,7.9,57.9,7980.7,23.5,-99.6,-3004.2,2904.6
82.3,6.1,58.1,5580.8,25.0,2937.1,-327.2,3264.3
84.2,4.4,59.2,6581.2,18.7,3751.2,74.9,3676.4
50.9,8.3,74.1,6270.8,22.2,-1473.7,-3785.1,2311.4
99.6,7.5,50.1,6239.1,16.8,4446.0,639.5,3806.5
94.4,5.3,53.2,5601.6,21.9,4495.1,709.6,3785.5
60.8,9.5,68.3,6109.4,21.9,-34.9,-2602.5,2567.6
66.7,9.7,64.8,7121.2,17.5,505.5,-2195.4,2700.9
108.6,6.4,87.8,6564.2,21.1,12826.1,4574.2,8252.0
74.2,5.3,66.1,6284.3,16.3,3652.6,104.0,3548.6
88.5,9.3,53.0,6524.6,17.9,2843.8,-371.1,3214.9
62.9,5.0,71.4,6954.4,23.4,422.5,-2607.3,3029.8
86.9,9.4,56.6,5361.9,21.6,3626.1,256.3,3369.8
111.8,8.8,78.5,6055.6,25.9,10588.2,3526.9,7061.3
76.2,6.6,57.5,7751.9,18.6,957.9,-1973.8,2931.7
63.3,6.0,95.7,7526.4,23.2,1776.8,-2141.6,3918.4
72.5,9.3,66.0,6053.4,23.4,1630.0,-1428.5,3058.5
63.9,5.6,50.6,7011.5,19.5,-933.1,-3097.0,2163.9
53.5,4.7,52.1,7284.4,18.5,-2175.3,-4038.1,1862.8
64.3,7.2,82.6,5829.2,19.9,2997.6,-465.8,3463.4
80.6,9.8,65.4,5709.7,16.0,4425.4,685.1,3740.4
95.4,3.9,72.2,5653.0,21.3,8355.1,2611.8,5743.3
58.1,7.1,55.5,7190.8,22.9,-2141.8,-4217.5,2075.7
52.3,3.9,52.2,7703.9,20.6,-2879.8,-4728.5,1848.7
65.1,6.4,71.6,7876.9,19.7,472.5,-2604.5,3077.0
60.1,3.2,67.3,6710.4,17.9,1057.3,-1748.0,2805.3
71.4,5.9,91.0,6619.9,25.5,3641.5,-669.9,4311.4
65.7,6.3,77.3,5249.9,17.9,3844.4,344.0,3500.4
59.6,8.6,56.7,6473.7,22.0,-1301.5,-3421.8,2120.3
62.3,5.6,62.9,6754.8,24.5,-563.0,-3173.6,2610.6
50.7,4.7,56.9,7009.2,23.9,-2794.8,-4708.4,1913.6
132.6,3.5,68.8,5715.3,24.0,13975.0,5334.9,8640.1
56.3,4.0,86.2,5761.2,19.7,2339.2,-957.4,3296.6
68.0,3.8,45.0,5440.3,18.7,643.4,-1473.0,2116.5
61.9,7.1,72.3,6196.6,20.0,1220.5,-1682.8,2903.2
70.8,9.1,81.1,5390.1,18.8,4438.4,595.1,3843.3
130.0,4.7,67.9,6240.0,17.0,13835.7,5270.5,8565.2
54.8,8.8,47.9,7689.1,17.8,-3129.8,-4742.5,1612.7
85.8,9.3,93.0,7183.8,23.5,6432.2,1045.2,5387.0
70.8,8.5,52.7,6485.2,21.4,35.2,-2372.1,2407.3
96.8,6.2,61.6,6724.1,19.6,5605.5,1030.2,4575.3
64.5,6.3,62.6,5902.2,20.4,1075.5,-1590.6,2666.0
84.7,5.3,61.4,6841.8,19.8,3637.6,-101.1,3738.7
93.2,9.4,64.7,6075.8,21.5,5274.6,943.2,4331.4
102.7,7.6,78.3,6478.0,22.2,9334.8,2877.2,6457.6
60.0,8.1,55.6,6865.8,24.4,-1955.9,-4068.8,2112.9
71.1,7.3,50.7,6950.8,17.6,106.2,-2261.8,2368.0
49.5,4.0,90.1,7180.1,21.9,-719.7,-3696.3,2976.5
80.5,8.6,88.6,5941.7,21.9,6370.4,1388.0,4982.4
60.4,7.3,54.3,6548.9,21.8,-1222.8,-3335.2,2112.4
42.3,6.7,76.2,7174.6,21.2,-3341.0,-5329.3,1988.2
44.5,9.5,52.0,5640.2,17.6,-2530.5,-3860.9,1330.4
75.9,5.9,76.7,6803.9,20.1,4115.8,46.8,4069.0
73.7,8.3,58.0,6141.3,20.0,1567.8,-1208.9,2776.6
67.7,4.0,87.6,6282.3,20.5,4396.3,233.7,4162.6
97.0,6.9,87.6,7113.5,21.1,9558.2,2822.8,6735.4
70.2,9.9,74.0,7846.5,18.0,1373.4,-1892.0,3265.4
116.8,7.5,52.1,6601.9,22.7,6094.9,1327.3,4767.5
71.7,6.2,79.5,6016.9,21.0,4048.8,145.3,3903.5
58.8,5.1,86.0,7116.6,17.9,1844.7,-1528.5,3373.2
42.1,9.2,58.5,7305.4,17.9,-4024.2,-5435.2,1411.0
72.2,3.6,84.3,5318.6,19.3,6237.5,1563.2,4674.3
67.3,8.4,55.4,7615.7,22.4,-1314.8,-3703.7,2388.9
66.0,3.0,47.9,6643.1,23.7,-842.0,-3050.5,2208.5
50.5,8.9,48.3,7180.3,25.4,-4182.3,-5652.7,1470.4
73.1,7.9,80.3,5374.9,19.0,5057.7,946.0,4111.7
94.3,7.4,81.1,5737.1,23.1,8560.8,2610.3,5950.5
57.6,4.9,73.6,8083.8,22.1,-1106.3,-3946.6,2840.4
76.3,7.3,47.1,7493.2,22.9,-803.1,-3185.0,2381.9
85.9,3.6,54.8,8082.0,21.0,1782.6,-1532.5,3315.1
76.9,7.5,68.0,5712.7,25.8,2814.7,-642.8,3457.4
64.9,7.0,73.2,6748.1,25.7,314.4,-2786.3,3100.8
76.2,6.6,62.2,6355.0,18.0,2879.2,-387.0,3266.2
71.1,4.9,59.1,6262.6,22.1,1391.2,-1472.4,2863.6
69.6,5.9,62.3,5872.8,21.9,1734.0,-1175.0,2909.0
54.7,3.3,62.6,6354.9,19.2,-213.9,-2576.2,2362.4
56.6,7.0,73.3,6744.9,22.4,-610.3,-3276.2,2665.9
80.2,8.5,67.1,6269.5,22.2,3263.7,-311.1,3574.8
124.0,6.6,74.9,7503.0,25.3,11526.1,3724.4,7801.6
69.1,6.6,78.1,6050.8,24.2,2587.9,-985.9,3573.8
81.0,8.9,48.2,5991.0,20.1,1366.1,-1179.8,2545.9
65.4,5.2,75.1,5226.7,24.0,2582.4,-731.5,3313.9
50.4,5.6,53.6,6631.1,18.1,-2000.6,-3757.6,1757.0
36.5,9.7,96.7,7087.9,19.9,-4484.0,-6327.4,1843.4
77.5,7.9,61.7,6727.4,15.9,2832.5,-443.1,3275.6
83.3,6.7,54.0,5762.0,24.1,2424.2,-620.6,3044.8
100.2,6.9,80.3,8209.0,18.3,8641.2,2207.2,6434.0
95.3,5.7,49.8,7036.8,20.8,2861.4,-528.6,3390.0
98.8,4.1,54.7,7598.4,16.9,4562.1,349.2,4212.9
49.6,5.0,65.0,6597.7,21.2,-1745.1,-3867.0,2122.0
58.9,4.7,80.6,6719.2,22.3,889.8,-2309.1,3198.9
66.2,8.3,48.4,6145.8,21.5,-728.8,-2777.9,2049.2
81.0,8.9,64.8,7077.1,24.3,1956.5,-1462.2,3418.7
68.7,9.4,68.5,7355.4,20.2,644.7,-2331.6,2976.3
57.6,5.8,85.9,6702.7,18.7,1597.0,-1654.4,3251.4
85.3,4.3,45.5,7703.3,20.9,469.7,-2226.8,2696.5
73.0,7.2,43.0,5986.4,22.8,-358.1,-2427.5,2069.5
73.0,9.9,69.8,6361.8,23.3,1751.5,-1475.7,3227.2
75.8,8.0,90.6,7118.9,24.5,3956.3,-492.0,4448.3
81.9,8.1,63.3,6522.5,22.4,2865.0,-590.1,3455.1
99.8,9.9,58.6,6973.7,23.2,4175.1,117.2,4057.9
63.8,3.9,47.0,7104.2,21.2,-1394.3,-3456.7,2062.4
83.7,6.3,92.7,6230.9,23.7,7416.6,1813.2,5603.4
92.7,6.9,78.2,7688.3,24.0,5978.0,764.2,5213.8
77.3,5.6,47.6,5618.5,22.6,1249.0,-1251.1,2500.1
51.2,8.4,82.0,6990.0,23.7,-1975.4,-4544.5,2569.1
73.8,4.6,69.9,7385.8,15.6,3396.0,-323.1,3719.1
74.3,7.7,46.0,6211.3,24.9,-379.2,-2618.6,2239.4
94.5,4.7,81.2,6111.5,24.3,8609.3,2521.6,6087.7
64.0,7.1,62.0,5980.8,24.8,22.3,-2559.6,2581.9
54.8,3.6,60.3,6928.2,23.8,-1685.9,-3945.5,2259.6
110.0,5.1,62.3,5692.0,21.8,8612.3,2779.5,5832.8
47.8,5.7,85.7,6401.9,18.2,-216.0,-2854.3,2638.3
101.0,3.5,55.6,5248.7,20.9,6589.1,1899.2,4689.9
72.8,5.4,62.7,7902.6,23.2,392.1,-2702.4,3094.6
57.4,5.0,84.3,5907.1,20.0,2017.4,-1217.3,3234.7
77.8,6.7,75.1,6607.7,22.4,3854.3,-128.6,3982.9
59.8,4.7,59.7,5737.6,24.6,-207.3,-2617.0,2409.8
76.2,6.9,77.7,7124.7,20.8,3661.2,-346.2,4007.4
80.3,10.0,72.1,7226.5,25.0,2283.8,-1429.2,3713.0
63.6,4.3,67.6,5597.2,22.4,1679.4,-1256.5,2935.8
63.8,6.6,63.1,5354.2,26.1,491.9,-2150.5,2642.4
58.4,3.3,57.2,5478.9,21.0,356.0,-1950.6,2306.6
67.0,5.2,47.8,5625.0,20.5,293.5,-1870.4,2163.9
88.2,7.9,55.8,6028.8,20.5,3490.9,45.9,3445.0
80.7,3.0,51.6,7404.2,15.3,2006.4,-1020.6,3027.0
66.8,6.4,60.0,6269.3,23.5,354.6,-2299.5,2654.1
55.9,4.8,59.7,5921.2,21.1,-453.7,-2686.2,2232.4
57.1,4.6,59.9,7719.5,16.9,-1109.0,-3414.9,2305.9
54.7,8.0,53.4,5407.2,18.3,-707.4,-2536.6,1829.2
74.4,3.1,55.0,5330.9,17.9,3070.8,42.0,3028.8
42.7,4.7,67.8,6606.4,24.3,-3291.3,-5179.8,1888.5
71.5,9.0,69.8,5754.7,23.5,2152.3,-1044.9,3197.1
57.5,4.8,86.0,6315.2,22.0,1422.5,-1893.1,3315.6
103.7,5.5,78.8,6057.9,23.7,10095.3,3319.6,6775.7
77.2,4.5,62.5,6056.5,17.5,3773.1,222.4,3550.7
75.4,5.4,44.8,5761.1,23.0,517.0,-1779.6,2296.6
101.3,8.2,59.5,7519.0,21.9,4576.8,235.1,4341.7
70.2,4.0,72.9,5778.0,21.3,3546.8,-44.6,3591.4
52.6,3.0,44.5,8254.0,21.9,-3932.2,-5545.1,1612.9
70.2,9.3,83.1,6485.5,22.1,2802.5,-901.9,3704.4
67.7,3.4,68.8,6015.9,22.5,2327.7,-915.7,3243.4
47.2,3.1,68.9,5899.7,24.6,-1597.8,-3822.8,2224.9
70.6,7.3,67.3,6201.4,22.6,1796.1,-1323.8,3119.9
92.9,7.0,75.9,8119.1,20.7,5920.1,739.9,5180.2
73.4,3.1,77.9,6451.1,20.6,4534.7,352.5,4182.2
61.0,9.2,61.9,6833.4,18.4,-524.8,-2870.3,2345.5
54.5,4.2,55.5,7389.2,25.2,-2766.7,-4807.6,2040.9
54.2,6.3,74.7,7468.4,20.4,-1099.7,-3721.8,2622.1
68.2,8.2,74.6,7121.9,21.7,1298.6,-1980.7,3279.3
54.6,9.3,82.0,7170.8,17.8,-311.2,-3032.6,2721.4
95.8,8.2,45.3,8073.6,20.4,962.5,-1942.9,2905.4
103.0,9.2,61.9,6059.2,22.0,6358.6,1536.8,4821.8
84.4,5.9,69.1,7748.1,21.0,3680.8,-409.3,4090.1
85.5,5.6,61.9,5677.4,18.6,4998.9,969.9,4029.0
76.9,5.4,89.6,5923.4,17.8,7330.4,2013.0,5317.4
69.1,9.2,58.3,5841.0,18.8,1208.8,-1349.2,2558.0
64.0,6.3,57.6,5397.6,21.1,841.7,-1595.5,2437.2
82.1,7.6,65.2,5622.4,19.4,4524.4,683.1,3841.3
66.7,8.4,82.8,7572.3,26.8,264.1,-3273.0,3537.0
54.8,9.7,49.3,5694.5,19.9,-1675.1,-3304.8,1629.7
63.7,3.7,80.8,6668.8,21.5,2342.5,-1205.7,3548.2
64.0,4.8,53.9,7361.8,21.8,-1113.1,-3449.4,2336.3
57.9,5.1,61.2,6218.0,23.3,-667.3,-3033.7,2366.4
67.8,4.4,88.2,5649.8,24.9,3895.3,-168.8,4064.1
52.9,4.9,80.8,5792.6,20.7,756.8,-2084.2,2841.0
79.1,4.7,73.6,7359.5,24.6,3208.2,-809.2,4017.3
56.6,6.7,57.3,5925.6,18.5,-434.2,-2528.0,2093.8
57.8,9.2,76.9,6445.6,21.2,-66.4,-2804.8,2738.4
67.4,6.8,63.2,5679.1,18.1,2109.5,-712.5,2822.0
77.3,6.4,89.4,5756.6,21.6,6421.2,1463.9,4957.3
54.3,4.8,46.0,5645.2,25.2,-1964.1,-3634.4,1670.3
85.1,7.3,64.2,6209.6,21.5,4077.2,243.2,3833.9
75.4,9.9,79.1,6996.4,21.0,3127.5,-681.2,3808.6
77.3,9.4,60.2,5418.8,20.2,2822.3,-231.8,3054.1
62.9,7.4,75.5,7156.2,19.1,1013.7,-2061.1,3074.8
72.0,6.1,70.6,5089.9,27.2,2744.4,-665.7,3410.2
66.2,3.4,63.9,5672.0,18.4,2493.4,-482.4,2975.9
68.4,5.8,86.3,6059.2,23.0,3663.6,-285.0,3948.6
89.3,7.6,69.0,6352.2,25.9,4563.1,315.7,4247.4
50.0,4.2,72.2,7339.2,16.8,-886.3,-3305.5,2419.2
51.4,9.2,75.5,8232.3,21.5,-3049.1,-5379.5,2330.3
62.9,5.1,88.8,6145.3,23.1,2665.5,-1067.9,3733.5
68.3,6.9,74.1,6427.1,25.1,1465.7,-1865.1,3330.7
83.9,7.5,60.3,6224.3,20.9,3360.6,-128.3,3488.8
70.0,3.6,71.8,6763.8,22.5,2387.3,-1102.3,3489.7
76.1,5.3,55.4,7106.7,24.4,561.9,-2311.2,2873.1
55.6,7.7,52.5,5981.3,18.3,-1112.2,-2954.5,1842.3
80.2,7.7,85.3,5841.9,21.5,6290.9,1397.6,4893.3
44.0,9.7,69.4,5944.9,22.2,-2937.0,-4683.4,1746.4
88.1,9.8,62.0,6840.9,16.3,4123.0,257.1,3865.9
62.3,9.1,69.4,6294.2,25.6,-439.3,-3144.0,2704.7
81.2,5.3,66.9,6387.2,22.2,3882.9,37.4,3845.4
59.2,4.7,85.5,7683.9,24.2,91.9,-3315.7,3407.6
77.1,8.2,76.2,7058.7,21.1,3403.1,-487.2,3890.3
51.7,4.7,70.8,6006.3,19.5,-103.9,-2542.3,2438.4
77.2,5.9,56.2,7231.3,24.4,628.4,-2307.8,2936.2
60.7,3.1,60.1,7168.9,24.2,-942.6,-3481.6,2539.0
68.8,8.4,51.8,6189.8,27.6,-926.0,-3216.8,2290.8
57.3,4.1,62.8,6675.7,25.5,-1241.9,-3687.5,2445.6
96.0,3.5,52.9,7146.8,19.6,3891.1,43.0,3848.1
71.7,7.6,51.6,7289.5,18.7,-193.7,-2614.6,2421.0
65.9,6.9,65.4,6842.9,22.4,335.2,-2490.3,2825.5
60.6,10.0,65.9,5577.2,23.0,-76.5,-2519.9,2443.4
86.7,5.2,64.0,6256.5,17.0,5382.7,1058.9,4323.9
78.5,5.5,77.4,7288.0,24.0,3616.2,-545.5,4161.7
93.2,5.3,75.4,7181.7,21.2,6961.8,1522.5,5439.3
66.4,4.0,83.0,5579.9,18.5,4698.3,691.9,4006.4
75.6,3.5,48.0,5042.6,20.8,2070.9,-494.6,2565.5
66.5,3.2,71.1,7256.0,18.6,2009.2,-1284.8,3294.0
66.3,9.0,79.4,6491.5,23.9,1307.2,-2026.0,3333.1
94.9,5.8,74.9,5949.3,23.3,7750.3,2179.7,5570.5
68.6,8.3,64.2,6148.2,19.1,1597.4,-1240.5,2837.9
62.1,8.3,51.9,5548.6,18.7,-31.4,-2080.4,2049.0
87.6,8.8,62.0,8210.0,18.3,2709.2,-961.9,3671.1
61.9,6.1,61.8,7454.5,26.5,-1733.4,-4256.9,2523.5
40.8,4.3,56.3,6765.3,19.7,-3398.3,-4902.0,1503.6
50.2,7.0,67.2,7275.2,22.9,-2716.8,-4845.9,2129.2
63.9,3.3,69.1,6379.7,19.5,1896.8,-1168.8,3065.5
56.2,8.3,79.6,6540.6,20.5,41.7,-2750.8,2792.5
75.9,6.7,59.4,6547.0,22.6,1579.5,-1433.7,3013.2
80.5,3.0,56.0,7539.3,22.3,1537.1,-1637.3,3174.4
80.1,9.2,64.3,6358.9,25.6,2113.3,-1226.2,3339.5
82.6,4.5,68.5,5827.2,22.6,4883.5,729.6,4153.8
97.0,3.7,55.8,6252.5,18.7,5470.4,1120.3,4350.2
68.4,9.0,59.6,6135.0,17.1,1287.0,-1307.2,2594.1
115.6,4.9,69.4,5847.9,24.8,10546.0,3623.0,6922.9
59.8,3.7,51.4,5635.3,22.1,-313.1,-2424.3,2111.2
53.8,9.0,75.7,7244.3,21.4,-1639.1,-4126.1,2487.0
83.2,3.3,62.1,6067.8,25.8,3514.4,-164.6,3678.9
79.2,8.6,54.3,8067.6,21.2,9.8,-2794.9,2804.7
71.3,5.8,68.4,5669.5,20.0,3243.1,-112.7,3355.8
80.2,3.7,82.1,6604.4,20.3,6340.9,1302.8,5038.1
62.3,6.0,70.3,7699.5,25.5,-1016.6,-3914.6,2898.0
67.4,5.3,63.7,6555.6,21.0,1169.1,-1728.5,2897.5
74.8,6.9,59.6,6107.3,20.4,2115.3,-860.0,2975.2
102.6,4.2,74.2,6188.0,19.1,10051.6,3379.3,6672.3
63.4,8.3,57.6,7268.9,25.4,-1821.4,-4147.2,2325.8
80.8,7.7,47.9,7809.6,20.5,-175.8,-2742.1,2566.3
76.0,7.1,42.4,5367.3,22.6,482.5,-1655.9,2138.4
75.8,3.2,75.2,7362.6,21.2,3733.2,-350.1,4083.3
83.4,3.0,77.4,6080.0,24.7,6000.9,1157.4,4843.5
108.8,7.0,58.0,5749.7,23.5,6907.0,1895.2,5011.8
43.8,6.8,90.9,7935.5,24.4,-3913.9,-6352.3,2438.4
54.3,7.2,82.9,6160.5,17.8,1015.3,-1844.7,2860.0
80.1,6.4,67.7,8104.7,22.0,2135.4,-1520.0,3655.4
91.8,5.6,62.6,5643.7,23.7,5354.1,1058.5,4295.6
60.3,5.0,59.1,7451.4,16.4,-430.3,-2825.8,2395.5
76.0,6.2,72.7,5756.2,22.5,4008.8,201.6,3807.1
69.7,7.3,46.9,6329.8,21.4,-459.9,-2602.5,2142.6
49.4,4.0,55.0,6104.4,17.7,-1311.6,-3140.6,1829.1
84.9,5.8,78.6,8026.9,17.5,5697.3,710.0,4987.3
80.9,9.1,70.4,6264.8,20.8,3960.8,124.8,3836.0
77.1,6.7,96.1,7898.9,16.8,6252.5,989.0,5263.5
59.6,5.1,84.7,5397.4,25.6,1724.2,-1655.1,3379.3
52.7,3.8,48.5,7297.4,18.5,-2471.0,-4205.6,1734.7
64.4,9.4,67.8,6203.4,20.9,678.1,-2053.8,2731.9
85.6,9.8,59.3,5814.1,19.7,3670.5,192.6,3477.9
54.6,3.7,82.2,6901.1,24.1,-197.9,-3264.7,3066.9
84.0,8.9,88.3,5666.5,23.7,6888.7,1683.4,5205.3
79.1,6.8,84.4,8003.3,22.8,3993.7,-521.0,4514.7
37.3,6.2,61.6,6136.5,20.5,-3618.8,-5020.6,1401.8
92.1,3.5,77.0,6298.4,25.5,7255.3,1771.1,5484.2
96.9,3.2,53.7,5848.7,26.5,4370.2,481.8,3888.4
79.9,6.6,87.6,8053.3,19.3,5330.0,382.2,4947.9
65.2,4.1,48.7,5826.4,21.7,-30.1,-2210.6,2180.5
74.1,6.8,70.0,5840.6,23.7,2919.3,-533.2,3452.4
114.3,9.0,88.9,6111.3,17.7,14920.7,5728.7,9192.1
114.3,6.1,88.6,6167.7,23.4,14164.6,5253.0,8911.6
66.8,4.3,59.6,6758.0,22.5,386.9,-2345.2,2732.1
83.9,4.6,74.2,5768.8,25.6,5423.9,913.5,4510.5
57.1,3.8,65.3,6449.6,21.3,-123.8,-2672.6,2548.8
63.5,10.0,64.9,6362.7,20.7,61.9,-2484.4,2546.3
75.8,7.2,56.5,6719.3,17.0,1815.6,-1057.8,2873.3
116.8,6.3,84.3,6357.8,17.2,15058.3,5775.6,9282.7
78.3,7.5,77.1,6263.1,22.3,4359.4,247.8,4111.6
116.1,7.4,60.4,6781.6,22.5,7741.8,2094.6,5647.3
59.7,5.6,62.9,7217.8,21.3,-861.4,-3351.4,2490.0
52.7,6.2,56.1,7006.9,18.2,-1914.7,-3825.9,1911.1
89.7,7.4,75.4,7540.1,19.6,5821.2,859.7,4961.5
111.0,9.7,53.6,5831.8,19.8,6384.1,1691.0,4693.1
79.2,9.2,76.0,6902.0,18.7,4234.2,144.2,4090.0
84.9,6.3,53.3,5978.3,19.9,2999.7,-192.3,3192.0
69.7,6.9,73.4,5494.7,21.1,3239.6,-165.7,3405.4
75.2,8.2,78.9,6302.8,24.0,3408.9,-461.4,3870.2
61.0,5.5,54.5,6341.4,20.5,-506.2,-2723.0,2216.8
44.0,8.3,59.4,5977.1,18.2,-2447.5,-4003.9,1556.4
79.0,5.1,61.1,5908.8,23.4,2949.9,-386.6,3336.5
59.8,6.5,70.7,7421.9,27.7,-1683.9,-4446.5,2762.6
38.2,9.2,85.2,7149.1,21.0,-4420.7,-6228.2,1807.5
91.1,3.1,64.6,6396.5,20.6,5838.9,1191.7,4647.2
74.9,6.9,80.2,5616.7,19.2,5386.8,1063.5,4323.3
82.5,8.9,96.5,7445.5,24.8,5506.5,371.5,5135.0
84.2,5.8,57.9,6644.0,25.6,2238.8,-1087.8,3326.6
47.3,6.9,58.9,5770.9,18.9,-1688.2,-3430.3,1742.1
59.7,9.6,62.1,7295.2,22.6,-1861.8,-4139.5,2277.8
59.6,4.2,78.8,5962.5,25.2,1058.6,-2137.4,3196.0
72.2,7.7,78.9,5907.4,19.6,4128.5,274.8,3853.7
54.2,4.9,63.0,6271.7,19.4,-505.8,-2782.9,2277.1
66.7,8.4,61.4,7298.9,19.1,-28.2,-2648.4,2620.2
70.5,7.0,96.2,5367.8,19.0,6226.1,1504.1,4722.0
67.7,8.7,50.3,6199.6,23.2,-656.0,-2831.7,2175.7
41.8,4.3,55.3,6228.0,21.1,-3029.4,-4547.5,1518.2
51.3,7.5,72.7,8114.2,20.7,-2621.6,-4957.1,2335.5
75.1,9.5,57.2,6962.4,23.3,306.7,-2442.8,2749.5
89.8,6.3,55.5,5805.5,21.0,4048.5,410.6,3637.9
78.3,8.6,85.1,7186.2,19.6,4920.0,366.9,4553.2
66.2,4.8,52.7,7798.7,20.6,-1124.1,-3496.8,2372.7
132.9,8.9,62.0,5350.6,18.6,12469.5,4776.5,7693.0
70.7,8.5,55.9,7649.8,24.3,-1081.5,-3630.2,2548.7
41.8,4.6,47.8,7422.9,19.9,-4266.5,-5568.5,1302.0
58.3,8.3,52.4,7115.2,25.6,-2826.0,-4744.7,1918.8
47.5,6.1,82.8,6466.6,23.2,-1660.1,-4169.7,2509.6
78.2,8.2,58.6,5642.2,19.3,2871.4,-217.2,3088.6
70.8,6.5,68.4,6199.4,23.6,1905.0,-1313.6,3218.5
62.6,4.7,74.9,6821.4,21.4,1232.6,-1941.2,3173.8
49.6,8.6,90.3,6939.9,25.3,-2346.6,-5030.9,2684.3
118.3,5.5,70.5,6354.5,26.9,10359.2,3382.1,6977.2
60.1,5.9,82.7,5997.1,23.6,1418.0,-1863.9,3282.0
68.6,9.9,83.3,6027.5,23.4,2479.0,-1106.2,3585.3
49.1,7.2,71.4,7278.9,16.4,-1556.6,-3742.8,2186.2
50.3,8.0,67.6,6399.2,17.1,-1075.4,-3172.5,2097.1
80.6,9.1,46.1,6201.9,25.8,144.3,-2270.4,2414.7
62.2,8.2,57.6,7419.6,23.2,-1790.6,-4067.3,2276.7
72.8,4.5,66.5,7110.3,19.4,2343.3,-1001.4,3344.6
47.8,3.2,90.0,6907.1,22.2,-793.3,-3703.3,2910.0
42.0,6.7,64.5,6305.3,22.3,-3273.6,-4939.8,1666.2
87.7,9.2,78.7,6114.4,21.8,6377.8,1422.1,4955.7
68.3,9.8,84.7,7673.3,20.1,1855.3,-1771.8,3627.2
80.0,4.5,50.4,5648.4,17.4,2771.2,-163.1,2934.2
106.9,3.5,52.6,7270.6,21.8,4920.5,545.8,4374.6
71.1,7.4,83.2,6721.4,21.4,3384.3,-512.1,3896.4
51.0,6.1,60.4,6341.8,18.6,-1355.8,-3338.9,1983.1
58.4,4.8,53.6,5928.6,24.2,-1014.3,-3118.4,2104.1
52.5,7.8,81.4,5521.6,23.4,-252.1,-2915.2,2663.2
62.8,4.5,72.7,7611.6,19.8,726.2,-2377.4,3103.6
61.8,5.0,67.3,6681.0,22.0,326.1,-2472.5,2798.6
55.8,3.9,72.9,6813.0,22.6,-330.9,-3098.7,2767.8
55.5,6.1,62.3,5550.9,19.2,112.5,-2140.6,2253.1
57.2,8.2,56.9,7279.5,21.6,-2226.4,-4267.4,2040.9
71.1,6.3,65.3,6675.9,25.4,944.3,-2156.9,3101.2
52.0,6.7,69.1,6984.5,17.4,-993.9,-3288.9,2294.9
71.5,6.4,86.3,6394.8,21.0,4371.7,176.8,4194.9
89.3,6.2,54.7,5871.3,17.7,4286.1,597.5,3688.6
69.9,6.0,76.5,6972.9,16.6,3414.1,-288.7,3702.8
65.1,4.1,88.1,5765.4,22.2,3904.1,-25.2,3929.2
77.2,7.5,62.4,7049.8,19.2,2128.3,-1076.4,3204.7
77.7,6.5,75.8,7353.3,27.7,2269.0,-1686.6,3955.6
45.3,5.0,57.3,5959.2,21.8,-2388.5,-4082.3,1693.8
81.0,9.9,66.3,6722.8,24.4,2266.6,-1185.2,3451.8
82.9,4.4,66.4,7290.6,19.9,3859.0,-127.3,3986.3
84.6,9.9,94.0,7593.6,23.7,5686.8,502.4,5184.3
70.9,5.2,67.0,6539.6,21.3,2111.7,-1111.4,3223.1
73.5,5.9,75.5,6085.2,20.1,4110.0,234.6,3875.3
70.2,4.3,81.1,6298.9,19.2,4430.5,350.7,4079.9
70.5,6.9,45.0,6054.2,18.7,45.9,-2053.0,2098.9
73.7,4.9,48.8,5438.5,21.8,1278.3,-1179.7,2457.9
67.5,8.9,53.7,6644.6,20.9,-476.8,-2776.1,2299.3
55.1,3.5,78.2,7532.6,15.9,782.7,-2176.5,2959.2
66.9,9.3,67.1,5724.7,19.0,1808.3,-1019.6,2827.9
61.9,8.1,69.0,7859.7,21.2,-930.9,-3648.9,2718.1
82.2,6.3,60.8,5886.3,16.9,4276.7,568.8,3707.9
95.7,8.0,44.7,6284.8,22.3,2205.6,-721.0,2926.6
55.4,8.4,78.7,6911.7,17.8,6.3,-2699.7,2706.0
58.9,7.2,57.2,5385.9,19.2,196.8,-1967.8,2164.6
49.8,5.9,54.6,7260.5,25.4,-3654.9,-5407.8,1752.9
88.6,9.5,44.6,7689.7,25.9,-452.8,-3038.3,2585.5
70.5,8.3,91.5,7592.6,26.4,1859.6,-2252.7,4112.3
78.3,3.5,81.0,6661.8,22.1,5392.5,719.0,4673.5
61.1,7.0,53.6,6991.0,17.4,-912.8,-3036.7,2123.9
87.7,8.9,64.4,6429.0,19.9,4349.2,381.9,3967.2
61.6,8.1,61.1,5782.2,19.1,471.3,-1919.6,2390.9
64.1,9.6,74.7,5868.0,24.4,787.1,-2193.9,2980.9
69.5,9.0,57.0,6673.3,25.4,-543.9,-3072.1,2528.3
71.5,7.9,94.5,5726.0,17.6,6152.7,1427.7,4725.0
59.3,5.4,49.2,6357.3,23.3,-1555.7,-3501.5,1945.8
73.9,5.3,80.8,6450.8,24.2,3773.5,-292.5,4066.0
85.5,9.7,71.1,5636.9,24.8,4602.6,529.0,4073.6
60.8,4.0,53.5,6846.5,16.9,-346.0,-2573.5,2227.5
73.8,4.0,63.4,6236.3,21.4,2618.4,-642.8,3261.2
65.4,3.2,69.6,6159.1,22.4,1915.2,-1255.0,3170.2
46.2,3.1,57.3,6319.4,20.5,-2102.7,-3908.5,1805.8
61.9,5.6,66.4,6614.1,16.3,1208.3,-1527.8,2736.1
73.1,5.4,62.7,5592.5,23.6,2400.3,-710.7,3111.0
78.9,3.2,69.1,7062.5,19.7,4008.5,-1.7,4010.1
74.8,7.4,87.0,8092.3,16.8,4442.4,-46.8,4489.2
60.5,6.8,53.3,6090.1,26.9,-1556.9,-3649.4,2092.5
68.6,6.2,80.6,6067.7,21.1,3442.1,-264.1,3706.2
103.5,6.3,52.5,5425.5,25.8,5110.5,1021.6,4088.8
72.5,6.5,50.4,6254.3,25.5,-77.1,-2513.8,2436.7
70.2,9.8,57.6,6417.9,24.4,-133.4,-2683.8,2550.4
50.6,5.0,81.4,6189.5,21.5,-207.7,-2930.4,2722.7
93.3,4.3,59.0,5329.8,20.5,5959.2,1541.7,4417.5
82.3,7.8,54.8,6813.2,19.5,1977.8,-1038.3,3016.0
85.8,5.4,73.9,6339.4,20.3,6110.9,1296.2,4814.7
56.2,7.0,56.0,7565.0,20.2,-2294.0,-4314.4,2020.4
82.9,6.5,52.2,5913.6,23.2,2140.1,-790.7,2930.7
70.8,8.6,87.7,6644.5,22.9,3205.9,-768.1,3974.0
55.0,9.9,60.2,5755.0,21.4,-1250.2,-3239.9,1989.7
65.4,4.2,69.5,5222.3,25.4,1971.8,-1142.4,3114.2
67.0,3.3,51.4,5917.0,19.6,809.0,-1591.6,2400.6
70.9,4.4,61.4,6180.6,20.1,2092.7,-904.7,2997.4
57.2,3.6,45.5,5841.1,23.3,-1452.8,-3239.3,1786.5
87.7,9.5,65.5,6476.0,20.0,4362.4,369.0,3993.4
77.6,8.4,80.7,7543.8,20.8,3680.1,-471.2,4151.4
71.5,8.6,59.2,7713.2,17.7,308.4,-2417.6,2726.0
98.3,8.4,50.6,6765.6,16.6,3833.8,177.7,3656.1
65.8,8.6,69.1,7380.9,17.8,739.8,-2157.0,2896.8
73.3,5.9,47.1,6302.7,19.5,443.8,-1884.3,2328.1
78.0,6.0,83.0,5972.7,24.9,5047.9,571.5,4476.4
83.0,5.3,65.4,6242.8,19.5,4553.6,546.2,4007.4
69.6,4.1,60.6,6550.8,20.7,1426.2,-1479.5,2905.7
88.5,4.8,91.5,7127.5,26.3,7378.6,1501.9,5876.7
58.7,4.0,66.3,5771.3,23.9,338.9,-2318.0,2656.9
92.3,4.8,87.0,5634.9,21.7,10025.6,3369.8,6655.8
59.8,3.4,68.9,7230.8,17.3,775.9,-2068.6,2844.5
72.0,4.8,71.6,5644.5,25.6,2891.3,-629.6,3520.9
73.5,4.3,59.7,6600.5,22.9,1512.0,-1515.3,3027.3
59.4,4.1,51.2,8454.7,21.0,-2722.4,-4796.8,2074.4
93.2,6.4,86.3,5554.2,18.0,10686.2,3789.6,6896.5
48.1,9.6,59.4,6124.6,20.9,-2587.5,-4260.3,1672.8
65.5,4.3,84.4,5941.6,22.8,3324.0,-458.4,3782.4
78.3,3.3,71.2,6095.1,22.4,4512.1,433.1,4079.1
46.5,9.6,75.4,7459.5,18.3,-2801.4,-4835.6,2034.2
63.1,5.6,66.7,6019.6,17.2,1829.2,-985.1,2814.3
56.2,4.8,61.6,5830.3,19.5,87.4,-2232.2,2319.6
70.2,5.7,60.4,6480.5,23.4,868.1,-1983.5,2851.6
71.4,7.1,91.0,6454.8,25.1,3601.8,-632.2,4234.0
77.1,3.4,63.0,6875.3,26.9,1747.9,-1650.3,3398.2
93.0,3.6,67.6,5665.6,23.2,6778.2,1786.7,4991.5
68.5,8.1,82.3,6698.1,22.1,2458.8,-1184.3,3643.0
71.3,8.9,82.3,5357.1,21.6,4138.1,311.0,3827.1
79.5,9.0,71.0,6247.7,18.8,4175.2,307.5,3867.7
52.7,7.9,55.7,5572.3,24.8,-1915.0,-3741.9,1826.9
68.6,4.4,58.7,8005.6,22.8,-579.1,-3341.7,2762.7
51.5,5.2,58.9,5371.9,23.0,-1056.4,-3058.0,2001.6
59.4,3.0,74.5,7831.2,23.3,-333.3,-3411.0,3077.7
81.2,6.4,63.2,6069.1,21.4,3572.4,-6.8,3579.2
73.9,7.2,84.4,8291.0,17.5,3682.3,-554.7,4237.0
72.2,4.3,60.6,6003.1,18.7,2595.0,-477.1,3072.1
66.8,6.5,86.1,5337.7,17.3,5031.3,952.3,4079.0
80.4,3.6,57.8,8150.4,19.0,1675.5,-1589.6,3265.1
106.0,7.0,65.3,6584.0,20.4,7713.6,2132.5,5581.1
89.3,4.0,63.0,6852.4,24.5,4069.3,5.7,4063.6
115.5,7.0,49.1,5772.1,17.3,6718.9,1933.7,4785.2
91.2,5.0,74.3,5482.1,24.5,7238.7,1997.6,5241.1
59.4,3.6,45.3,5443.9,24.4,-994.9,-2845.5,1850.7
38.1,6.8,62.9,7162.4,21.2,-4543.7,-5984.6,1440.9
70.2,9.9,53.4,7282.9,17.0,-262.6,-2621.3,2358.7
94.6,9.2,71.7,6840.4,19.5,6418.2,1375.6,5042.6
76.5,5.6,66.1,6330.8,20.0,3318.6,-211.9,3530.5
90.0,4.8,61.0,5724.4,24.6,4706.5,673.6,4032.8
96.7,3.9,72.9,7345.5,19.3,7647.9,1906.2,5741.7
74.1,3.1,47.5,7057.7,26.9,-625.2,-3099.4,2474.2
84.1,8.2,49.3,6610.9,23.3,1051.5,-1687.3,2738.8
44.5,3.1,68.8,8223.2,19.5,-3166.4,-5256.8,2090.4
60.1,3.9,67.3,6620.9,23.7,5.0,-2768.9,2773.9
69.4,9.2,78.4,5930.3,21.6,2766.5,-689.7,3456.1
75.2,5.3,87.2,6831.6,26.5,3926.0,-518.3,4444.3
64.8,6.8,64.9,5612.8,19.3,1712.3,-1046.2,2758.5
64.3,3.5,87.2,5658.4,18.9,4597.4,569.1,4028.4
68.3,3.7,84.5,6950.8,17.3,4426.0,225.6,4200.3
60.0,7.4,75.9,7273.9,22.9,-415.2,-3338.0,2922.9
50.0,5.3,73.0,7886.4,21.9,-2470.1,-4861.9,2391.7
81.1,6.1,75.8,8357.1,18.5,3962.2,-370.9,4333.1
48.6,6.8,64.7,6563.8,17.0,-1479.3,-3461.2,1981.9
67.2,7.1,68.4,6768.4,23.0,796.2,-2219.4,3015.6
74.5,8.5,70.0,6488.3,22.0,2419.8,-960.2,3380.0
48.7,4.9,66.3,7445.8,22.6,-2771.3,-4899.2,2127.9
57.4,7.1,56.3,6974.4,24.0,-2178.8,-4252.1,2073.2
94.3,7.1,60.2,6298.8,24.5,4413.3,375.6,4037.6
46.5,6.6,61.1,5419.9,18.3,-1261.3,-3043.1,1781.8
89.8,5.6,88.4,6419.2,19.3,9349.7,2907.4,6442.3
50.1,5.4,79.0,6177.1,23.5,-959.8,-3545.9,2586.1
56.7,3.8,69.4,7901.7,20.6,-982.3,-3670.6,2688.2
87.1,9.5,83.3,6455.2,21.6,6621.3,1444.9,5176.3
82.4,8.7,65.3,5344.3,22.6,4083.5,420.0,3663.5
82.9,8.8,58.2,5432.0,25.7,2671.4,-491.9,3163.3
58.3,6.7,70.7,6331.5,20.7,229.0,-2444.1,2673.1
46.7,3.7,56.7,7304.4,18.4,-2675.6,-4461.5,1785.9
53.9,6.8,56.1,5755.8,21.7,-1268.3,-3200.4,1932.1
81.0,7.4,85.5,5727.0,25.2,5837.2,1056.6,4780.7
79.6,8.8,70.3,6676.9,22.3,3132.8,-538.9,3671.7
82.8,3.1,90.0,6595.8,23.5,7351.2,1707.8,5643.4
69.5,3.1,65.7,6423.4,20.8,2258.5,-937.5,3196.0
94.8,4.7,66.3,6162.0,26.3,5711.3,1035.7,4675.5
60.0,5.2,58.8,6501.0,21.2,-481.6,-2838.7,2357.1
68.1,9.7,58.5,6860.4,16.4,498.3,-2008.1,2506.3
73.9,6.2,46.1,6671.0,22.6,-340.6,-2626.2,2285.6
97.8,6.6,69.2,6201.2,16.8,8093.2,2456.7,5636.5
101.9,7.6,96.7,5235.2,21.7,13331.1,5038.9,8292.2
70.2,8.8,67.0,6676.3,22.7,983.1,-2027.4,3010.5
103.6,3.9,86.7,5301.8,24.1,12487.8,4601.5,7886.3
106.2,4.4,42.2,6296.8,20.1,3554.2,134.1,3420.1
62.1,6.2,62.1,7074.2,24.9,-1075.9,-3623.0,2547.0
67.4,3.9,58.8,7629.1,17.6,446.5,-2288.9,2735.4
80.1,9.6,89.1,6230.2,22.5,5699.6,921.2,4778.3
83.2,8.3,46.2,5710.3,22.1,1438.6,-1095.7,2534.3
47.8,7.7,60.5,7504.1,23.9,-3938.7,-5718.0,1779.3
44.2,8.4,58.0,6396.4,18.9,-2974.2,-4497.5,1523.4
96.0,8.8,84.7,7464.6,26.1,7069.9,1306.0,5763.9
101.4,9.5,67.9,6252.1,21.7,7047.8,1823.3,5224.5
47.0,5.0,57.0,5537.1,21.2,-1701.1,-3454.6,1753.6
72.9,7.4,66.1,6264.0,21.0,2256.9,-912.5,3169.5
92.5,8.8,55.4,6925.3,23.3,2757.7,-691.3,3449.0
75.4,9.0,58.7,7482.2,23.0,173.4,-2680.5,2853.9
74.9,7.7,80.8,8254.3,20.7,2687.8,-1296.1,3983.9
81.9,8.2,63.8,7700.5,20.5,2190.0,-1263.6,3453.7
45.9,3.7,56.5,7319.4,20.6,-3145.0,-4890.2,1745.3
73.2,4.7,65.1,7196.5,24.9,1184.8,-2080.0,3264.7
84.0,7.0,64.2,6662.9,20.9,3645.0,-107.7,3752.6
64.2,6.3,68.3,6410.4,21.1,1030.6,-1867.4,2898.0
59.1,8.2,60.2,7179.0,24.4,-2042.9,-4286.9,2243.9
73.3,7.1,58.5,6989.3,19.3,1127.9,-1711.1,2839.0
58.5,4.8,65.7,7829.7,20.5,-1065.5,-3651.5,2586.0
70.1,9.9,82.7,5761.9,23.9,2841.4,-802.0,3643.4
65.1,5.8,82.4,6849.7,21.5,2228.3,-1353.4,3581.7
68.7,8.7,73.6,6343.3,24.9,1261.9,-1970.9,3232.9
100.4,4.2,70.7,8005.0,19.4,7278.9,1568.8,5710.0
46.1,9.0,56.5,6415.0,27.1,-4081.1,-5615.2,1534.1
74.3,6.9,65.8,7202.0,20.3,1864.7,-1381.0,3245.6
60.0,4.2,75.1,7127.5,18.3,1200.9,-1868.5,3069.4
64.1,9.3,41.8,6022.9,21.6,-1585.4,-3265.0,1679.6
96.0,4.9,64.0,5797.1,21.5,6637.0,1741.6,4895.4
98.8,7.0,50.6,7333.2,18.7,3311.9,-297.9,3609.8
66.7,5.5,77.2,5849.7,18.8,3476.3,-56.1,3532.4
47.6,3.2,56.4,6946.0,24.2,-3038.4,-4871.2,1832.7
55.8,9.2,78.0,7432.2,22.8,-1576.5,-4237.6,2661.1
78.1,6.7,71.1,7658.7,17.8,3334.7,-506.9,3841.7
54.8,3.5,88.5,6296.8,22.6,1140.9,-2162.3,3303.2
76.4,9.9,53.9,7175.5,24.8,-332.6,-2959.8,2627.2
81.8,8.3,60.6,6746.5,21.4,2427.0,-859.6,3286.6
71.8,3.9,51.8,5601.4,22.3,1329.6,-1246.7,2576.4
93.0,4.5,72.8,6844.7,21.5,6816.5,1533.9,5282.7
57.4,5.7,80.2,5512.8,23.1,1206.1,-1827.0,3033.2
52.6,8.9,68.2,6692.8,20.2,-1623.4,-3804.5,2181.1
56.9,8.4,97.9,6392.6,17.2,2205.7,-1164.0,3369.7
80.7,3.8,57.1,6076.5,23.1,2781.3,-476.0,3257.3
88.1,4.2,47.3,7446.8,22.7,1131.9,-1779.3,2911.3
76.3,3.2,67.5,5994.4,21.9,3833.0,109.2,3723.8
53.8,9.5,58.6,6824.4,17.1,-1733.5,-3635.4,1901.9
60.1,9.9,75.0,6336.8,19.1,604.3,-2153.3,2757.6
60.1,8.2,56.3,6308.7,21.0,-909.8,-3052.0,2142.3
86.6,7.8,70.7,6749.6,19.6,5111.4,691.9,4419.5
125.0,3.3,77.4,6272.6,20.8,14972.9,5718.9,9253.9
97.5,4.5,68.5,5902.2,17.2,8470.9,2707.3,5763.6
71.5,5.6,61.4,6269.3,23.9,1307.6,-1654.7,2962.2
96.9,8.3,88.0,6777.4,20.8,9633.3,2940.5,6692.8
81.2,5.9,66.2,6056.7,17.9,4710.5,711.4,3999.1
66.1,3.9,62.4,6531.0,25.5,340.0,-2504.2,2844.2
71.7,7.4,63.9,5266.3,19.4,2950.7,-127.4,3078.0
61.8,4.5,58.2,6211.2,21.5,61.7,-2376.1,2437.8
70.1,4.1,50.6,6515.0,20.1,432.0,-2013.0,2445.0
84.3,4.6,45.4,7783.7,17.9,595.2,-2055.0,2650.2
70.1,4.0,93.3,6670.9,22.0,4765.3,256.0,4509.2
121.2,3.6,92.2,5845.0,22.1,17581.7,6955.2,10626.5
78.0,5.7,87.2,5722.7,27.5,5215.9,578.6,4637.3
71.2,7.5,91.2,5449.0,25.4,4285.2,87.1,4198.1
60.5,7.9,53.4,6479.4,22.5,-1424.9,-3479.3,2054.4
86.8,4.1,57.1,7371.3,16.6,3480.5,-212.3,3692.8
58.4,10.0,43.0,5750.8,22.6,-2072.6,-3597.6,1525.0
57.6,7.1,72.5,6601.7,20.3,-16.3,-2692.5,2676.2
55.1,7.2,55.8,6544.9,24.7,-2279.0,-4238.7,1959.7
79.4,6.3,59.6,5548.3,19.4,3574.5,209.1,3365.3
71.8,9.9,56.3,7227.3,18.6,118.5,-2436.6,2555.0
76.4,5.9,59.7,7171.7,26.0,725.8,-2356.3,3082.1
70.0,4.1,76.8,5719.6,25.2,3226.9,-482.1,3709.0
65.1,5.4,53.7,5203.3,19.4,1157.2,-1192.4,2349.6
60.8,8.6,91.5,5593.9,21.9,2305.0,-1150.0,3455.0
71.2,6.8,59.6,5996.1,21.8,1455.2,-1357.4,2812.6
87.6,6.3,71.1,5669.8,25.5,5470.2,997.8,4472.4
70.3,8.7,71.2,6907.0,22.9,1213.1,-1996.9,3210.0
70.0,7.3,58.3,5590.2,22.0,1356.6,-1318.9,2675.5
104.7,4.7,48.5,6513.2,18.5,4703.7,694.2,4009.5
52.9,8.5,79.3,6042.1,21.6,-509.4,-3087.1,2577.6
74.4,6.3,71.2,5857.5,26.6,2650.1,-902.0,3552.0
90.7,8.8,68.8,5925.7,23.2,5431.7,993.3,4438.5
95.7,8.4,68.6,5622.6,17.5,7658.1,2351.8,5306.3
70.4,5.1,83.7,7057.1,22.8,3205.8,-799.0,4004.8
76.8,8.0,88.8,5566.1,20.0,6427.4,1562.2,4865.2
65.6,8.2,64.5,6561.9,20.0,633.1,-2078.1,2711.3
71.8,4.9,81.6,6634.8,20.4,4178.0,68.7,4109.3
74.8,3.5,57.5,5897.4,26.8,1586.3,-1418.2,3004.5
60.3,7.3,42.4,5803.2,22.2,-1620.6,-3266.0,1645.4
69.5,9.5,76.2,6301.0,23.2,1886.1,-1467.4,3353.5
52.1,6.2,70.7,7656.4,19.4,-1742.1,-4116.6,2374.5
68.6,3.7,71.0,7121.5,22.1,1786.9,-1588.4,3375.3
63.4,4.1,56.1,5971.9,22.0,317.3,-2121.9,2439.2
80.6,4.7,83.2,6159.4,20.9,6634.9,1543.1,5091.7
59.1,4.3,74.6,6303.2,16.1,2100.5,-909.4,3009.9
92.1,8.7,74.2,7429.7,25.1,4892.7,207.1,4685.6
63.2,7.3,69.4,5967.2,19.2,1504.9,-1337.4,2842.3
117.6,7.6,77.1,7053.7,20.0,12044.8,4160.0,7884.9
61.8,6.2,67.0,7658.6,24.6,-1201.5,-3931.7,2730.2
62.3,9.0,90.8,6337.4,16.9,3038.3,-482.9,3521.1
59.2,5.7,57.6,5771.2,25.9,-853.9,-3108.8,2254.8
51.9,9.7,76.0,6727.5,22.6,-1923.4,-4273.9,2350.5
53.4,7.5,55.0,7761.7,19.9,-2981.4,-4828.7,1847.3
68.5,8.0,71.3,6308.9,22.2,1684.1,-1477.8,3162.0
57.6,7.7,58.0,5977.2,18.6,-430.4,-2548.5,2118.0
78.5,5.3,63.8,5816.4,18.9,4029.5,382.5,3647.0
57.4,3.9,72.7,7799.7,20.8,-539.3,-3385.9,2846.6
63.1,3.7,47.2,6938.6,23.3,-1564.1,-3615.8,2051.7
120.6,3.4,76.9,6164.3,19.9,14224.9,5396.6,8828.3
77.0,10.0,48.7,7269.7,22.3,-587.8,-2981.8,2394.0
49.5,8.0,81.6,5802.0,15.3,586.4,-1896.5,2483.0
47.9,5.5,52.2,5807.1,20.1,-1983.3,-3604.5,1621.2
73.6,3.4,85.8,6046.6,26.7,4497.0,85.1,4411.9
57.4,4.0,73.8,6631.1,22.7,178.4,-2707.6,2886.0
86.0,4.3,49.6,6638.9,26.9,1358.9,-1608.9,2967.9
60.6,8.0,93.9,6821.5,16.8,2703.6,-845.3,3548.9
83.1,5.6,42.3,6423.5,25.6,183.3,-2219.4,2402.7
72.1,6.4,54.4,5449.4,17.5,2130.3,-535.0,2665.3
99.9,9.0,53.1,6004.6,18.9,4792.0,828.3,3963.7
67.7,6.9,73.2,6744.7,20.5,1870.0,-1388.4,3258.4
81.4,3.7,53.6,7727.5,23.3,938.0,-2115.7,3053.7
76.7,9.4,71.0,7707.6,20.7,1964.6,-1531.7,3496.2
70.8,3.4,51.5,5577.7,20.2,1511.6,-1027.5,2539.1
88.5,8.5,68.6,5715.9,23.2,5237.2,937.2,4300.0
58.8,3.1,58.3,6079.8,19.6,240.4,-2140.5,2380.9
84.1,8.3,73.0,5697.5,23.8,4987.2,746.0,4241.2
57.3,4.4,70.9,6374.1,20.9,433.1,-2318.0,2751.0
126.0,6.6,51.0,5758.2,18.2,8493.1,2808.9,5684.2
78.9,5.0,60.7,6064.5,25.0,2520.3,-765.4,3285.7
57.7,9.4,59.0,5634.0,21.6,-770.2,-2856.2,2086.0
81.5,8.6,83.0,6351.7,26.4,4580.7,123.2,4457.5
84.6,4.9,65.0,5361.4,23.8,4867.4,835.8,4031.6
50.3,5.2,67.7,5387.8,17.5,237.2,-2003.4,2240.5
56.4,3.5,64.6,6094.5,19.2,410.6,-2091.8,2502.3
58.4,8.3,89.2,5700.4,26.1,603.8,-2642.2,3246.0
52.6,7.5,73.6,6891.0,24.0,-1902.2,-4332.6,2430.4
90.4,6.7,59.7,5607.0,22.5,4703.2,758.8,3944.4
77.8,4.9,50.6,5817.0,22.3,1661.5,-1040.6,2702.1
69.1,5.9,50.4,6273.3,20.2,216.5,-2113.3,2329.8
52.4,7.1,65.1,6381.3,26.2,-2279.2,-4440.0,2160.8
71.3,6.5,64.6,5304.4,25.7,2022.3,-1048.2,3070.5
57.2,4.8,98.8,6931.1,16.9,2844.5,-824.1,3668.6
50.9,3.2,69.0,5500.5,25.5,-770.4,-3179.7,2409.3
62.9,6.8,69.7,6010.8,17.2,1874.6,-988.4,2863.0
54.3,3.7,50.1,6045.0,16.0,-695.3,-2554.1,1858.7
77.9,8.0,78.2,6639.3,24.3,3584.4,-429.5,4013.9
72.9,8.9,65.6,5883.5,25.7,1461.9,-1611.4,3073.3
64.5,3.2,57.1,6146.0,20.2,810.9,-1752.8,2563.7
65.0,9.2,58.7,6452.3,20.2,-111.9,-2512.6,2400.7
62.8,4.1,51.1,6414.6,22.5,-714.3,-2914.6,2200.3
58.5,7.1,76.7,6194.8,16.6,1602.4,-1281.7,2884.1
45.9,3.3,59.9,6398.9,20.3,-2040.4,-3910.2,1869.9
64.1,6.4,72.2,6792.9,20.0,1246.4,-1807.1,3053.4
59.5,7.1,68.9,6051.3,20.1,577.7,-2064.8,2642.5
55.8,7.5,52.7,6288.5,24.9,-2218.1,-4083.2,1865.1
61.6,9.0,54.0,6423.6,20.8,-1069.1,-3148.7,2079.6
72.4,9.4,63.8,7867.4,19.7,403.0,-2540.8,2943.7
138.1,9.5,67.4,5842.2,22.6,13622.1,5166.2,8455.8
63.5,9.6,63.3,5969.4,18.3,722.9,-1775.6,2498.4
88.9,9.8,45.8,6993.0,25.4,377.0,-2278.3,2655.3
83.0,3.8,72.8,6744.9,17.3,5946.4,1190.7,4755.7
85.5,6.7,85.1,7466.8,23.9,5747.4,623.1,5124.3
66.1,4.8,65.6,5594.0,22.4,1825.2,-1120.0,2945.1
70.9,6.6,48.1,6024.3,19.3,444.8,-1819.1,2264.0
48.9,8.5,48.3,7355.4,24.4,-4354.1,-5783.7,1429.7
50.7,7.6,62.1,5734.6,21.5,-1455.4,-3415.3,1959.8
57.2,9.1,86.5,7250.6,21.7,-342.8,-3379.3,3036.5
64.9,9.9,57.2,5515.6,21.7,208.5,-2097.2,2305.7
55.9,5.3,42.9,6620.4,19.5,-2240.0,-3832.9,1593.0
57.1,3.3,60.9,7470.9,20.1,-1106.6,-3507.3,2400.8
74.8,8.3,59.8,7250.7,22.7,578.5,-2337.6,2916.1
61.6,3.0,46.5,8217.3,23.5,-2862.3,-4856.1,1993.8
56.6,9.3,45.0,7150.4,20.9,-3095.1,-4652.2,1557.1
60.4,3.0,58.6,7024.9,23.7,-918.6,-3381.0,2462.4
49.8,5.1,59.3,7960.7,20.9,-3202.1,-5142.4,1940.2
55.6,6.9,62.4,6521.6,20.8,-1095.6,-3321.1,2225.5
46.5,9.4,87.2,6547.5,20.9,-1985.8,-4349.2,2363.5
88.2,8.9,67.6,6879.8,23.2,3967.0,-73.9,4040.9
64.6,8.2,55.8,6405.0,21.9,-515.3,-2819.3,2304.0
69.4,9.0,69.4,5672.3,23.9,1708.3,-1361.6,3069.9
54.9,8.3,61.8,7370.5,20.7,-2199.8,-4308.1,2108.2
91.7,3.0,70.8,6929.7,21.7,6404.2,1302.1,5102.1
130.0,8.7,72.3,5986.5,26.1,12844.3,4687.9,8156.4
83.3,9.9,91.7,7657.7,23.3,5207.6,233.5,4974.1
52.8,4.2,66.9,7067.2,21.4,-1358.6,-3740.9,2382.3
106.9,3.8,61.5,6420.9,20.8,7673.0,2163.6,5509.4
89.3,4.1,80.3,6375.9,16.9,8806.5,2729.0,6077.5
69.4,6.3,54.0,6893.7,23.7,-399.4,-2897.4,2498.0
96.6,7.1,53.6,6031.5,24.8,3832.6,165.7,3666.9
83.0,9.2,56.4,6078.8,21.1,2513.9,-576.7,3090.6
78.0,10.0,51.7,7361.9,24.5,-489.0,-3065.2,2576.2
86.0,5.4,66.0,6011.8,23.7,4616.2,525.1,4091.2
52.5,9.5,69.9,6438.5,22.9,-1897.1,-4098.9,2201.8
70.3,9.3,54.9,8017.1,23.9,-1622.1,-4072.0,2449.9
84.8,6.4,80.2,6037.1,23.3,6338.1,1366.9,4971.2
66.4,5.1,63.5,6064.9,20.5,1524.8,-1327.0,2851.8
96.1,4.8,75.3,5507.9,23.4,8603.5,2712.0,5891.5
79.8,5.8,74.2,7638.3,23.7,3130.8,-898.1,4028.9
72.5,6.4,77.0,6012.1,23.8,3323.4,-408.2,3731.7
55.7,8.6,50.2,5394.2,27.5,-2106.8,-3838.2,1731.4
75.7,6.1,58.6,5674.6,21.3,2494.3,-518.6,3012.9
80.9,9.5,42.2,5707.9,19.4,788.1,-1416.3,2204.4
57.2,4.6,71.3,6074.2,22.1,424.6,-2320.5,2745.0
68.3,7.2,72.9,6143.8,18.5,2793.0,-504.0,3297.1
77.6,9.7,69.9,5985.5,20.9,3398.4,-143.2,3541.7
58.5,7.7,67.5,7497.6,22.5,-1496.6,-4011.2,2514.6
66.0,4.3,51.3,7947.7,22.0,-1554.6,-3872.3,2317.7
79.3,7.1,48.6,7252.4,19.1,467.7,-2103.0,2570.7
85.8,6.7,58.2,5325.2,23.9,3790.5,290.4,3500.1
58.4,3.4,75.8,6115.2,20.5,1540.2,-1513.2,3053.3
94.9,9.0,58.9,5857.7,19.9,5081.3,963.5,4117.8
84.4,5.2,50.0,5744.9,20.7,2668.1,-319.9,2988.0
69.3,3.4,56.0,7604.5,24.8,-574.4,-3276.6,2702.1
79.1,4.7,62.7,5859.8,18.2,4152.3,466.1,3686.2
69.1,7.0,60.8,6654.7,19.8,949.8,-1812.6,2762.4
58.7,8.5,82.9,6064.4,21.8,909.0,-2137.8,3046.8
77.3,3.4,74.9,5773.6,20.8,5407.2,1030.9,4376.3
47.4,4.3,50.7,6111.5,25.9,-3020.8,-4619.0,1598.2
96.5,5.7,46.8,6629.8,17.7,3214.2,-132.1,3346.3
83.2,8.3,62.8,6024.1,16.9,4315.7,544.1,3771.6
63.2,6.0,83.3,5924.2,21.8,2584.5,-904.2,3488.8
91.0,3.4,53.6,6081.0,22.5,3842.0,210.3,3631.7
61.0,8.1,82.2,7046.0,27.2,-585.9,-3765.8,3179.9
70.7,9.0,79.9,6963.7,23.8,1912.8,-1702.9,3615.7
91.0,6.3,70.5,6439.8,24.3,5549.5,890.5,4659.0
66.1,8.7,78.1,7922.5,19.4,876.9,-2400.0,3276.9
101.0,8.3,87.6,7597.4,21.8,9575.8,2706.5,6869.3
95.7,4.2,92.2,5944.8,23.0,11130.2,3807.4,7322.9
74.1,6.1,55.9,5813.2,24.4,1339.9,-1444.2,2784.2
66.5,3.6,73.9,5935.7,24.6,2251.0,-1153.9,3404.9
76.5,4.4,50.1,6432.6,20.9,1128.9,-1515.5,2644.4
70.1,6.3,60.3,5957.0,19.7,1818.5,-1004.2,2822.7
78.6,4.2,94.7,6073.2,17.6,8489.5,2567.8,5921.7
55.6,3.4,77.6,6434.8,20.1,928.8,-2035.5,2964.3
79.2,7.4,88.0,7917.8,22.6,4381.3,-281.5,4662.8
53.6,8.5,65.1,6891.9,17.5,-1275.6,-3422.8,2147.2
68.7,9.7,50.1,7302.5,25.5,-1945.8,-4109.2,2163.5
60.0,6.7,86.8,7910.1,18.2,1099.3,-2281.7,3381.0
57.5,7.9,56.3,6069.3,16.3,-354.0,-2401.4,2047.4
67.3,6.9,71.1,6747.3,23.5,1013.7,-2132.0,3145.6
81.1,4.9,44.3,5850.4,19.9,1451.3,-1033.2,2484.6
82.9,3.1,53.7,6790.7,22.2,2210.4,-952.6,3163.0
81.6,8.6,67.8,5693.9,21.7,4164.2,382.7,3781.5
73.6,6.0,61.7,6262.5,19.7,2314.2,-765.3,3079.5
81.7,8.9,76.4,6695.2,21.5,4450.3,225.9,4224.4
62.9,8.1,67.0,5973.4,20.1,911.9,-1776.0,2688.0
59.3,7.4,64.5,6678.8,20.7,-519.2,-2971.5,2452.3
48.5,5.0,63.3,6841.4,16.8,-1501.4,-3518.3,2016.9
60.9,5.0,72.4,6731.9,22.4,522.7,-2443.3,2966.0
67.0,8.1,73.4,5909.4,19.7,2403.5,-762.3,3165.8
82.7,4.9,61.0,6191.5,22.0,3539.8,-51.9,3591.8
85.8,8.6,63.3,6896.8,17.5,3893.9,78.0,3815.9
52.1,3.2,72.1,6103.6,25.9,-943.2,-3525.1,2581.9
57.3,6.9,57.6,6676.8,21.0,-1362.6,-3487.8,2125.2
46.6,4.4,51.6,5647.7,27.7,-2945.2,-4537.0,1591.8
65.1,3.0,89.4,5264.4,20.7,5020.8,833.6,4187.2
98.4,9.4,73.7,6333.6,26.5,6577.6,1399.4,5178.2
80.2,9.9,81.0,7711.4,19.5,4094.7,-208.3,4303.0
65.3,7.6,65.9,6457.4,25.4,-37.6,-2818.8,2781.2
39.3,5.2,62.1,5683.5,18.9,-2450.4,-4000.8,1550.4
74.2,8.7,73.4,6472.8,20.4,3062.7,-495.0,3557.7
63.8,8.7,83.1,6509.1,24.0,1128.0,-2225.0,3352.9
65.5,6.3,82.0,6182.8,20.6,2935.6,-621.9,3557.6
65.1,6.6,66.9,6776.4,20.8,728.9,-2138.7,2867.6
54.6,9.1,60.4,7678.9,19.0,-2457.7,-4473.6,2015.9
95.9,6.8,79.7,5697.1,25.1,8412.3,2505.5,5906.8
67.4,7.1,65.7,5355.1,21.2,2081.2,-822.6,2903.9
71.3,5.4,71.0,6403.5,17.7,3409.1,-143.6,3552.8
58.6,4.3,55.1,6648.7,18.7,-634.8,-2826.0,2191.3
71.4,4.5,50.5,7457.3,19.8,-236.9,-2711.3,2474.4
76.4,9.7,88.4,6920.6,17.3,5327.8,720.6,4607.2
48.0,9.9,88.7,5609.1,20.6,-836.2,-3292.4,2456.2
79.2,3.9,72.9,5979.0,20.2,5338.5,973.1,4365.4
52.8,6.5,53.8,6270.8,18.3,-1493.3,-3318.9,1825.6
52.6,4.0,66.1,5830.3,17.4,330.2,-2021.3,2351.5
91.9,3.4,52.9,6394.8,22.4,3614.2,10.4,3603.8
66.1,6.1,68.3,5905.4,20.4,1959.0,-1041.9,3000.9
55.5,4.5,64.2,8210.8,27.4,-3161.2,-5557.6,2396.4
60.9,6.0,49.8,6067.2,19.3,-617.1,-2620.9,2003.8
66.5,3.7,63.8,6096.3,18.8,2077.3,-868.7,2946.0
55.7,5.5,81.1,5918.4,21.5,955.4,-2026.7,2982.1
52.4,6.5,53.5,5752.0,22.1,-1647.5,-3446.4,1798.9
73.5,4.2,87.0,5388.0,21.7,6110.8,1393.7,4717.2
81.0,4.8,63.8,5554.2,23.0,4081.7,372.7,3709.0
51.1,4.4,59.4,7575.7,23.7,-2986.2,-5019.4,2033.2
89.1,7.6,71.6,6367.0,25.1,5063.8,601.5,4462.3
71.1,5.5,70.6,6507.2,18.1,3129.9,-348.3,3478.2
73.1,5.2,80.8,6168.7,24.0,3947.6,-96.7,4044.3
45.4,8.3,52.7,7688.0,21.1,-4455.9,-5889.3,1433.4
69.0,4.7,57.8,6146.0,22.9,933.5,-1790.1,2723.6
59.2,7.7,67.0,6303.5,24.0,-640.1,-3170.6,2530.5
94.0,5.1,89.4,6199.4,23.7,9743.3,3049.8,6693.5
56.2,7.9,53.9,6597.0,18.0,-1445.6,-3353.8,1908.2
73.5,5.0,73.0,7613.0,18.8,2895.3,-817.6,3712.9
75.0,7.5,62.7,5782.2,16.5,3344.0,68.1,3275.9
66.2,7.5,68.0,5739.5,20.9,1735.4,-1185.6,2921.0
54.7,4.9,74.5,6042.2,21.5,264.2,-2450.6,2714.8
55.8,6.8,69.7,5506.3,18.7,744.0,-1755.9,2499.9
87.4,8.4,80.2,5807.8,19.1,7540.2,2161.4,5378.8
85.2,7.1,69.9,6844.4,25.1,3763.9,-280.8,4044.7
65.3,7.6,67.5,6035.5,25.1,519.7,-2330.6,2850.3
74.1,8.0,74.4,7639.2,21.4,2085.6,-1517.4,3602.9
97.6,8.8,76.5,6409.0,23.4,7533.8,1945.9,5588.0
75.8,7.1,82.0,6057.1,21.1,4948.4,636.2,4312.2
60.8,8.6,83.5,6180.7,27.4,49.3,-3142.5,3191.8
63.2,6.6,64.6,7171.9,25.1,-888.1,-3568.5,2680.4
113.5,7.4,62.9,6430.1,21.3,8395.6,2514.3,5881.3
67.7,6.5,81.4,6905.1,23.7,2003.3,-1645.1,3648.4
67.5,6.7,46.3,6176.5,21.1,-537.4,-2600.8,2063.5
68.5,3.2,72.7,6276.7,20.7,3043.8,-462.4,3506.2
84.7,6.3,68.3,5148.8,25.1,5053.9,928.0,4125.9
88.5,6.2,55.8,6458.7,19.7,3540.5,-12.2,3552.7
58.4,5.8,70.6,5933.3,16.2,1575.2,-1143.9,2719.1
67.6,6.8,64.0,7923.5,22.8,-499.8,-3352.2,2852.3
39.4,5.1,77.5,6528.0,22.1,-3166.2,-5115.2,1949.0
84.6,7.6,84.4,6950.9,18.2,6974.2,1603.4,5370.8
58.5,6.4,86.0,7199.9,17.9,1437.8,-1836.5,3274.4
71.0,3.5,65.1,5531.7,23.0,2785.3,-440.8,3226.1
79.0,8.9,58.3,6448.8,18.0,2366.3,-690.1,3056.3
72.7,4.2,51.1,5847.2,23.8,901.3,-1660.0,2561.3
41.1,7.3,75.3,7024.2,18.9,-3137.2,-5002.7,1865.4
79.2,6.1,55.6,6877.8,20.3,1709.3,-1267.8,2977.1
89.7,3.8,67.8,5805.8,22.6,6194.7,1457.4,4737.4
82.2,9.8,72.5,5797.5,16.0,5663.8,1291.5,4372.3
87.4,4.1,56.2,7444.8,22.0,2568.4,-910.7,3479.1
59.1,6.9,57.5,8043.7,16.6,-1606.1,-3807.0,2200.8
94.9,8.4,49.0,5775.6,20.5,3452.4,144.6,3307.8
140.0,7.6,77.2,7273.7,21.1,16171.6,6106.8,10064.8
71.5,8.0,57.8,7371.6,16.3,742.0,-1942.6,2684.7
96.4,8.6,60.2,5724.2,18.8,5904.6,1445.3,4459.3
75.8,8.9,49.2,5326.6,21.0,1285.9,-1124.1,2409.9
52.3,5.0,90.1,7508.6,19.7,-79.0,-3170.3,3091.3
54.5,7.8,65.8,6252.9,23.9,-1495.2,-3744.8,2249.7
80.0,8.3,98.0,6363.9,23.8,6355.0,1168.5,5186.4
55.3,4.5,47.1,6217.8,24.4,-2129.6,-3883.1,1753.5
58.9,7.9,43.0,6125.0,22.1,-2057.8,-3662.5,1604.7
69.6,9.3,53.7,7611.6,19.1,-811.9,-3182.5,2370.6
111.6,7.2,50.1,5478.0,17.4,6644.9,1954.4,4690.5
92.7,8.7,62.1,6296.0,21.9,4650.8,555.5,4095.2
75.1,7.8,64.4,6917.7,27.5,703.3,-2469.0,3172.3
95.0,3.1,52.3,6523.4,20.2,4161.8,340.7,3821.0
64.9,7.4,66.1,7170.7,19.5,358.7,-2424.4,2783.2
68.2,7.3,87.5,7137.6,24.4,2114.9,-1765.2,3880.1
64.3,8.8,67.2,6673.0,17.1,962.1,-1769.5,2731.5
60.1,6.9,48.4,6995.9,24.2,-2375.8,-4265.1,1889.2
85.4,3.7,88.0,5486.5,21.1,9109.7,2949.1,6160.6
91.7,3.5,44.7,5295.5,21.3,3232.3,157.4,3074.9
80.6,3.9,52.2,6557.0,19.3,2165.3,-819.6,2984.8
55.6,9.6,76.3,7463.3,21.4,-1567.3,-4134.3,2567.0
78.2,4.3,49.1,6764.9,17.0,1435.4,-1243.4,2678.8
77.8,7.8,89.3,6049.8,21.2,6058.6,1209.8,4848.8
89.5,4.7,66.8,6773.8,26.6,4307.1,59.1,4248.0
63.2,6.3,68.6,5716.4,20.8,1512.5,-1342.8,2855.3
75.5,3.8,65.8,5761.4,21.9,3569.2,28.0,3541.2
76.3,8.1,55.3,7547.4,16.4,962.8,-1803.2,2766.0
66.4,5.2,56.4,6349.8,24.2,-45.5,-2573.8,2528.3
83.4,5.1,53.6,6935.1,21.8,1910.6,-1173.4,3084.0
60.3,8.3,66.0,6758.5,20.3,-388.4,-2900.5,2512.1
57.9,4.3,75.8,5741.3,23.5,994.1,-1982.6,2976.7
60.5,8.2,44.8,5977.7,21.0,-1511.6,-3229.4,1717.8
59.7,9.4,61.3,7454.3,18.6,-1374.5,-3631.6,2257.0
110.9,3.4,75.1,5726.1,19.5,12347.4,4584.2,7763.1
70.7,3.1,41.6,6430.8,19.9,-376.5,-2437.2,2060.8
62.1,7.3,56.6,6611.0,20.4,-639.0,-2910.5,2271.5
50.4,4.0,56.9,5323.1,19.9,-669.9,-2602.5,1932.6
77.7,8.8,61.2,6573.5,21.7,1844.6,-1240.0,3084.6
98.0,4.7,58.9,6028.3,16.8,6561.9,1758.9,4803.0
63.1,9.1,85.5,5619.5,21.0,2488.5,-884.7,3373.3
68.8,6.4,67.3,5266.3,24.2,2150.1,-923.0,3073.1
42.6,7.6,71.5,6467.7,20.1,-2810.8,-4645.0,1834.2
71.4,7.1,47.3,7260.8,20.7,-895.5,-3124.9,2229.5
64.6,5.3,91.4,5782.4,18.4,4631.3,554.3,4076.9
64.5,7.6,95.6,5907.8,25.1,2635.2,-1254.4,3889.6
67.3,7.5,47.0,6399.3,22.4,-953.1,-3009.0,2055.9
54.5,4.7,79.7,7988.8,21.0,-902.2,-3812.7,2910.5
68.0,8.5,57.0,7410.9,19.7,-486.5,-2969.8,2483.3
77.7,3.8,58.6,6479.9,21.4,2433.6,-765.8,3199.4
80.1,10.0,51.3,5974.6,20.3,1514.2,-1122.1,2636.3
55.3,6.5,81.4,7083.1,16.2,802.8,-2107.1,2909.9
63.2,7.3,64.0,5676.2,20.6,994.2,-1625.5,2619.7
60.2,4.3,75.8,6063.3,21.9,1490.0,-1613.3,3103.3
73.9,9.1,52.1,5632.4,19.8,1238.2,-1232.0,2470.1
82.5,5.1,76.2,5926.5,17.6,6784.9,1798.8,4986.1
75.0,8.4,81.1,6972.5,21.7,3478.4,-498.3,3976.7
51.2,7.8,56.8,6517.4,23.4,-2676.8,-4482.6,1805.8
51.6,7.6,64.7,6415.0,17.7,-1101.1,-3185.7,2084.6
78.6,9.1,53.0,6144.9,16.9,1976.3,-777.8,2754.1
63.8,9.9,65.1,6125.3,19.6,524.0,-2045.1,2569.1
43.5,4.8,74.3,5996.6,17.3,-1028.0,-3139.3,2111.3
76.8,3.0,72.1,5936.1,23.2,4408.9,378.8,4030.1
66.3,8.1,45.4,6889.9,27.1,-2265.1,-4202.2,1937.2
61.0,4.9,78.8,5749.3,22.4,1966.8,-1274.6,3241.4
69.2,3.3,67.3,6573.6,19.9,2409.9,-852.4,3262.2
69.8,4.1,60.9,7349.3,18.9,1095.7,-1835.5,2931.2
59.3,3.6,65.0,5513.5,22.6,868.8,-1787.0,2655.8
74.1,8.9,93.3,6805.9,23.4,4083.8,-288.3,4372.0
69.4,9.4,70.8,7490.6,19.3,1040.5,-2067.5,3107.9
101.6,8.1,55.6,5860.1,26.6,4654.2,618.9,4035.3
57.4,4.3,59.9,6203.7,22.1,-519.3,-2851.0,2331.7
63.0,9.9,71.1,6879.6,20.0,192.6,-2572.1,2764.7
88.9,4.5,51.3,8016.3,24.5,1089.4,-2080.2,3169.6
82.5,7.7,64.2,6066.4,19.7,4001.4,280.5,3720.8
67.4,6.8,63.6,6434.0,19.1,1324.5,-1496.2,2820.7
83.6,7.5,84.5,5618.4,22.1,7068.9,1859.6,5209.3
83.2,5.3,55.3,5963.1,19.6,3263.3,-44.2,3307.5
88.0,5.3,58.0,6746.3,17.0,4125.1,290.4,3834.7
95.9,7.8,54.5,5879.3,19.0,4765.8,834.0,3931.8
69.9,6.3,46.8,5977.4,27.3,-737.1,-2917.7,2180.6
81.5,4.5,59.3,6333.8,24.2,2692.0,-666.3,3358.4
79.3,3.9,52.2,6240.9,24.6,1534.2,-1348.8,2883.0
72.1,3.8,68.0,5738.1,22.7,3167.0,-268.2,3435.2
75.7,6.2,50.0,6581.3,20.6,693.6,-1852.9,2546.6
83.3,5.4,82.7,5978.7,18.5,7671.5,2191.9,5479.6
59.6,3.2,58.4,6775.5,18.3,-70.3,-2478.0,2407.7
35.6,3.9,49.6,7452.7,25.7,-5686.5,-6838.4,1151.8
77.2,8.3,74.9,8335.6,20.2,2314.9,-1466.2,3781.1
75.0,6.2,81.4,6959.0,21.1,4138.8,-59.2,4198.0
40.9,8.1,81.3,6208.6,22.5,-3179.5,-5135.9,1956.4
72.3,6.3,66.2,7099.1,26.6,677.3,-2523.4,3200.7
97.4,5.4,61.2,5684.6,19.8,6637.3,1812.1,4825.1
98.4,6.0,54.2,6108.6,23.7,4441.8,513.7,3928.1
82.7,7.3,84.6,6553.4,18.9,6825.2,1597.1,5228.1
106.1,7.1,65.6,5721.2,20.9,8436.8,2680.8,5755.9
68.2,4.9,69.5,5495.5,20.1,3101.0,-171.9,3273.0
63.7,4.8,69.2,6227.9,20.0,1641.8,-1341.1,2982.8
62.0,5.4,56.9,7609.2,23.2,-1622.8,-3980.0,2357.2
79.7,3.3,52.5,6721.1,19.0,2057.1,-925.9,2983.0
104.9,8.5,58.5,5500.6,16.7,7447.4,2328.8,5118.7
55.8,7.3,82.3,5622.7,18.9,1482.6,-1436.2,2918.9
75.0,5.5,64.8,7685.2,21.6,1452.6,-1841.3,3293.9
61.3,9.9,48.8,7729.3,21.3,-2853.3,-4690.2,1836.9
69.4,9.5,65.6,6283.3,19.6,1471.0,-1407.5,2878.5
66.5,7.0,56.0,6905.4,22.3,-535.9,-2976.7,2440.7
72.3,3.0,63.6,5145.6,17.4,4158.2,653.9,3504.3
56.9,3.6,58.2,6763.8,19.9,-779.1,-3050.1,2271.0
121.9,9.4,68.5,7962.2,24.5,8846.8,2311.0,6535.8
58.9,8.2,52.8,6838.6,21.2,-1859.1,-3817.4,1958.3
72.4,4.9,89.7,6053.3,18.8,6058.2,1280.4,4777.8
56.9,6.4,80.6,7044.8,20.8,163.4,-2820.9,2984.3
61.1,3.3,64.1,7226.9,23.0,-445.3,-3155.2,2710.0
67.1,7.2,63.2,6580.7,21.4,669.0,-2104.4,2773.3
59.4,6.6,88.1,6262.9,16.1,2984.6,-443.4,3428.1
88.8,6.5,66.8,6521.0,22.9,4719.9,473.8,4246.1
74.3,7.7,73.3,6230.4,20.6,3428.3,-210.7,3639.0
58.6,5.9,77.4,7607.5,21.9,-356.8,-3344.6,2987.8
57.6,7.8,75.0,6082.7,24.0,-198.8,-2939.0,2740.3
74.6,3.1,52.1,5738.9,24.7,1413.5,-1317.1,2730.6
64.7,4.9,63.0,6198.9,19.8,1210.4,-1547.9,2758.3
75.2,7.6,52.8,7098.2,19.0,566.9,-2047.2,2614.2
42.8,8.6,52.3,5551.0,25.9,-3680.0,-4986.0,1306.0
83.7,7.4,45.3,5987.7,21.3,1328.7,-1202.0,2530.7
68.8,4.9,76.8,6780.8,18.0,3343.9,-336.5,3680.4
55.6,4.7,63.4,6713.7,20.8,-827.3,-3191.2,2363.9
51.1,7.9,68.4,6449.1,21.6,-1720.1,-3887.0,2166.9
56.3,7.8,61.7,6140.0,18.4,-455.6,-2649.2,2193.7
99.7,7.2,60.2,7392.6,24.2,4337.2,66.0,4271.1
50.3,7.9,61.9,8450.0,19.2,-3552.3,-5476.9,1924.6
64.9,6.1,58.0,6858.3,21.1,-222.5,-2720.8,2498.3
52.5,6.5,83.7,7152.2,21.2,-784.9,-3602.1,2817.2
58.1,4.3,82.9,6907.5,21.8,964.4,-2302.8,3267.2
70.2,3.9,72.4,5870.9,18.1,4053.6,342.3,3711.3
82.3,5.7,88.1,6067.9,23.9,6794.7,1531.9,5262.9
84.3,9.4,62.3,6189.1,18.5,3819.5,191.5,3628.0
78.9,9.2,64.5,6099.3,19.1,3252.7,-149.8,3402.5
108.1,8.0,58.5,7044.0,22.2,5831.9,1044.8,4787.1
64.3,4.8,70.2,5733.5,20.3,2236.7,-826.2,3062.9
105.9,7.4,55.0,7386.7,17.0,5316.7,805.4,4511.4
60.4,9.9,66.5,7179.3,21.9,-1254.7,-3712.6,2457.9
63.4,7.6,72.8,5892.9,23.2,1104.7,-1868.2,2972.9
45.6,9.9,56.5,5910.2,24.4,-3445.0,-4925.0,1480.0
44.9,5.5,73.8,5745.4,18.5,-943.7,-3074.8,2131.1
56.1,4.7,56.8,5179.8,20.4,128.6,-2011.9,2140.4
85.4,3.2,69.8,6692.6,17.3,6042.2,1268.6,4773.6
67.0,9.1,68.3,6231.7,21.0,1185.3,-1710.5,2895.8
50.7,8.7,85.6,7615.9,19.2,-1500.1,-4131.3,2631.2
79.8,4.1,59.2,6083.8,22.2,3005.9,-336.1,3342.1
57.4,9.4,51.1,5155.2,24.4,-1306.3,-3103.5,1797.2
72.8,5.5,68.8,5884.5,18.6,3675.4,131.2,3544.2
86.0,5.5,69.6,5873.8,22.5,5488.8,1048.8,4440.0
74.3,4.2,47.3,6285.6,23.5,325.0,-2103.0,2427.9
73.6,7.9,62.1,5906.8,21.5,2064.6,-923.7,2988.3
50.7,8.1,55.4,6009.7,21.3,-2120.6,-3848.5,1727.9
80.1,7.2,63.3,7660.6,24.2,1428.8,-1950.1,3378.8
71.1,7.4,70.4,6650.8,20.8,2131.9,-1152.2,3284.1
83.2,7.1,45.5,5161.5,24.3,1689.4,-847.0,2536.4
78.1,6.7,69.6,5832.8,24.9,3422.5,-237.2,3659.7
47.9,9.2,76.1,5917.9,18.4,-1097.3,-3253.6,2156.2
84.0,5.8,57.2,8401.5,19.2,1540.0,-1743.1,3283.1
91.1,4.1,93.1,5888.4,20.7,10733.4,3668.0,7065.4
57.3,3.8,79.0,5980.5,21.6,1402.2,-1691.3,3093.5
74.1,7.2,48.2,5768.2,18.5,1087.7,-1270.3,2358.0
62.4,4.0,86.3,6435.6,22.1,2577.4,-1104.4,3681.7
94.9,4.9,65.5,6015.1,20.2,6746.6,1763.9,4982.7
58.3,6.5,93.9,5884.1,21.2,2254.3,-1237.0,3491.3
71.2,5.4,74.0,5781.4,21.8,3496.3,-109.3,3605.5
80.3,3.4,87.3,6234.8,23.6,6736.6,1474.9,5261.7
64.0,9.6,58.7,6232.2,23.3,-627.7,-2965.7,2338.0
51.3,5.6,96.5,6528.1,22.7,-13.3,-3159.6,3146.3
72.3,8.8,81.8,6545.1,19.8,3685.5,-185.4,3870.8
73.1,7.3,79.5,6307.3,18.6,4354.4,337.5,4016.9
76.3,6.6,80.2,5775.3,22.1,4991.2,716.2,4275.0
69.0,9.6,51.8,7697.5,22.0,-1589.3,-3846.0,2256.7
64.9,3.4,65.6,6682.9,19.9,1352.4,-1602.8,2955.2
65.5,6.9,67.2,5382.8,20.9,1984.3,-904.0,2888.3
48.7,9.4,92.5,6024.5,18.7,-339.0,-2957.0,2618.1
52.9,6.3,82.6,6408.4,17.1,825.9,-1993.8,2819.6
63.8,4.6,80.6,6680.1,21.7,2126.2,-1369.9,3496.1
59.0,9.5,59.9,7298.2,24.9,-2470.0,-4642.9,2172.9
39.3,9.3,58.2,6771.2,17.6,-3975.0,-5256.0,1281.0
90.4,4.5,48.7,5114.2,20.0,3951.9,595.0,3357.0
50.6,6.2,59.0,8222.5,25.7,-4220.4,-6142.5,1922.1
70.1,5.9,71.0,6972.9,20.3,2096.2,-1239.8,3336.0
94.7,3.9,60.0,6924.8,22.2,4765.1,477.9,4287.2
87.6,3.3,54.5,5412.0,18.9,4629.1,873.2,3755.9
70.5,6.5,66.4,6769.8,20.5,1680.3,-1427.7,3108.0
70.5,7.7,48.1,7417.9,16.3,-581.3,-2793.0,2211.6
65.6,9.3,68.0,6649.0,22.6,233.8,-2570.5,2804.3
91.6,7.7,83.1,8025.1,20.9,6722.8,1148.2,5574.6
91.9,8.3,66.9,5949.0,18.7,6215.8,1522.3,4693.5
60.2,6.2,54.3,5262.7,17.0,690.6,-1456.0,2146.6
81.8,3.5,49.4,6308.6,19.4,2148.2,-741.6,2889.8
109.4,9.4,62.2,6303.7,20.4,7495.6,2100.8,5394.8
78.3,5.0,52.1,5598.6,21.7,2182.1,-636.1,2818.2
55.9,3.7,64.7,6290.9,18.3,287.3,-2185.2,2472.5
70.6,4.4,56.8,7177.9,25.2,-126.2,-2882.0,2755.8
80.0,5.8,73.7,6693.2,18.8,4887.3,581.8,4305.5
100.6,6.1,67.7,5696.8,19.8,8291.6,2620.9,5670.7
80.8,4.8,64.0,6757.7,21.3,3303.8,-346.9,3650.7
62.6,3.7,79.3,6365.5,17.2,3125.6,-357.7,3483.3
71.3,8.6,75.6,7457.6,22.0,1577.3,-1890.5,3467.8
62.2,6.0,55.3,6752.0,21.9,-888.5,-3162.2,2273.7
77.6,9.2,61.1,5417.2,20.1,3030.1,-109.3,3139.4
48.4,9.4,65.0,7881.9,24.6,-4395.9,-6250.2,1854.3
52.5,9.0,61.5,7040.2,21.8,-2605.4,-4565.4,1960.0
81.0,4.2,74.6,7890.8,19.9,4261.0,-112.3,4373.3
43.9,5.6,55.5,5626.9,23.6,-2740.3,-4296.0,1555.8
57.4,5.1,69.3,6082.5,20.9,407.3,-2244.5,2651.8
114.4,7.7,76.1,6591.0,27.1,10136.0,3175.5,6960.5
110.1,4.8,50.5,6524.6,22.1,5349.4,968.9,4380.5
60.5,5.3,43.8,6706.1,27.7,-2661.7,-4431.2,1769.4
76.2,4.3,58.4,6257.8,19.4,2593.9,-542.9,3136.8
82.6,7.5,60.4,6201.2,16.8,3842.8,257.1,3585.7
75.2,5.8,59.8,5550.2,22.2,2572.7,-485.6,3058.3
54.1,3.3,53.2,5715.8,22.0,-941.0,-2920.8,1979.7
57.0,6.1,60.3,7068.6,23.2,-1745.6,-3994.7,2249.1
56.2,4.1,60.7,7098.8,22.7,-1493.0,-3808.3,2315.4
62.0,8.8,58.2,6096.3,16.8,264.3,-2005.9,2270.2
91.1,7.1,58.9,5492.9,23.0,4644.5,749.7,3894.9
94.3,7.7,55.6,7628.6,23.3,2612.4,-960.8,3573.3
65.9,7.6,84.8,7708.0,21.9,1385.9,-2236.8,3622.7
62.1,5.5,79.2,6736.6,17.5,2267.7,-1017.0,3284.7
75.4,9.3,83.4,7850.8,20.8,3072.7,-971.5,4044.1
83.3,8.8,59.5,5713.2,27.5,2358.4,-884.7,3243.1
66.5,7.2,71.0,6831.4,19.5,1492.9,-1594.9,3087.8
95.8,4.5,79.7,5875.7,22.7,9206.7,2923.9,6282.8
77.9,4.3,56.9,7109.7,17.6,2176.1,-948.7,3124.8
85.4,6.2,87.1,6542.0,20.5,7636.6,1971.2,5665.4
50.2,6.2,63.1,6231.1,19.9,-1424.1,-3458.7,2034.6
89.3,7.8,47.0,6831.4,19.0,1771.9,-1075.3,2847.2
71.9,4.0,67.2,6961.1,20.3,2347.9,-1006.1,3354.0
76.2,4.6,79.1,5967.9,23.5,4781.6,509.2,4272.4
56.9,4.3,74.4,6343.6,16.6,1507.7,-1356.0,2863.7
57.5,4.0,60.6,6179.9,21.2,-242.8,-2614.3,2371.5
59.5,3.0,87.3,6740.0,25.9,1094.4,-2497.5,3591.9
58.6,9.5,69.1,6128.6,20.9,-214.4,-2697.0,2482.6
72.1,6.0,74.6,5567.0,24.1,3384.8,-233.8,3618.6
55.8,9.6,53.7,5672.4,23.9,-1785.3,-3599.3,1814.0
82.7,8.2,90.3,5973.1,24.0,6617.8,1440.4,5177.3
50.0,6.8,63.5,5143.1,21.8,-884.6,-2897.8,2013.2
109.2,4.2,87.2,6472.9,18.7,13978.1,5194.4,8783.8
76.4,4.3,48.7,6840.6,17.9,974.8,-1597.9,2572.6
83.4,8.2,48.1,7209.8,23.7,241.0,-2410.9,2651.9
73.2,6.6,50.8,6707.0,17.2,737.8,-1735.9,2473.8
53.9,4.5,72.4,5670.1,19.0,849.9,-1773.6,2623.5
74.7,7.0,98.3,5301.2,15.2,8470.6,2777.6,5693.0
84.7,5.6,83.3,7625.4,24.7,5261.5,288.9,4972.6
62.7,5.9,75.3,6047.5,22.5,1524.3,-1608.5,3132.9
108.6,5.3,81.7,5936.4,26.2,11334.0,3898.5,7435.4
82.6,3.2,57.5,5774.1,21.3,3733.9,216.5,3517.4
85.3,7.4,82.7,6138.2,18.6,7499.5,2064.2,5435.3
66.2,8.5,68.7,5595.0,21.5,1662.3,-1242.5,2904.9
76.1,5.3,51.5,8093.5,18.7,5.9,-2664.6,2670.6
57.0,4.0,67.9,6293.7,19.4,515.2,-2120.9,2636.2
60.8,7.7,58.4,7638.8,19.9,-1545.3,-3816.2,2270.9
90.7,5.4,80.5,6448.1,20.2,8112.0,2287.1,5825.0
52.3,8.3,58.9,6644.9,20.4,-2107.4,-4008.0,1900.6
70.5,9.7,67.1,6625.5,22.0,1068.2,-1918.0,2986.3
62.2,5.0,91.7,6680.5,22.5,2400.6,-1389.8,3790.4
86.4,5.0,48.8,6115.6,18.7,2704.8,-335.0,3039.8
67.3,9.2,59.1,6084.0,22.5,233.6,-2282.0,2515.6
71.5,9.5,60.9,5595.1,18.7,2060.0,-720.4,2780.4
55.1,4.7,71.5,5739.3,18.9,920.8,-1719.0,2639.8
68.8,4.0,44.7,6410.9,24.5,-833.5,-2957.1,2123.6
82.2,3.9,93.5,6818.2,24.3,7021.9,1433.1,5588.8
69.5,7.9,61.6,6068.5,22.9,969.4,-1808.0,2777.3
103.0,9.7,67.8,6015.6,21.2,7599.6,2172.5,5427.1
92.7,6.0,77.6,6593.5,15.9,8663.4,2642.7,6020.7
55.4,7.4,85.7,6235.1,21.8,452.1,-2554.6,3006.7
96.9,6.7,49.0,7552.0,25.1,1787.0,-1449.8,3236.8
77.7,6.9,48.3,6624.4,20.8,580.2,-1924.7,2504.9
80.5,3.3,73.7,6002.1,22.4,5359.0,915.6,4443.4
70.3,4.6,63.4,7300.7,22.0,909.8,-2137.2,3047.1
60.0,6.1,59.3,6729.2,22.1,-896.9,-3237.8,2340.9
66.9,7.3,74.8,7077.5,17.1,2176.8,-1099.9,3276.7
79.7,5.9,54.7,6248.6,17.4,2654.0,-415.0,3069.0
55.1,7.7,57.8,6910.9,16.9,-1387.7,-3392.0,2004.3
53.5,5.7,77.9,7125.1,20.4,-606.8,-3330.4,2723.6
49.9,3.6,63.2,5799.7,24.7,-1462.4,-3604.5,2142.1
95.8,7.1,60.8,6005.3,19.0,5881.4,1361.1,4520.3
58.6,8.6,52.6,7011.3,20.7,-2037.5,-3966.5,1929.1
73.4,6.7,52.5,5857.2,22.7,964.7,-1600.6,2565.3
69.3,9.2,71.3,7288.6,22.1,775.7,-2363.0,3138.7
43.0,5.5,67.1,6441.9,25.0,-3391.3,-5235.2,1843.9
79.9,7.0,75.7,6152.2,24.5,4245.7,139.0,4106.6
87.0,4.2,68.4,6248.3,16.1,6517.9,1655.0,4863.0
79.2,4.4,76.5,7528.1,21.6,4129.7,-175.8,4305.5
78.0,6.7,81.4,7019.4,19.8,4887.6,414.5,4473.1
121.0,9.3,81.3,5433.6,24.0,13949.1,5314.7,8634.4
94.0,3.4,75.9,6485.7,20.7,8263.1,2372.3,5890.8
64.9,8.9,48.3,6667.2,23.4,-1658.6,-3641.3,1982.7
76.5,9.9,72.6,5603.7,18.9,4200.0,465.7,3734.3
78.0,10.0,50.9,5592.6,23.4,1093.6,-1439.5,2533.1
61.8,3.5,83.7,7178.6,24.7,1140.6,-2434.8,3575.4
72.7,5.3,85.0,6022.9,19.6,5390.3,918.0,4472.2
67.2,7.8,84.2,5738.7,25.9,2399.7,-1262.2,3661.9
94.0,7.7,85.6,6172.3,22.9,8827.9,2622.4,6205.4
66.7,8.5,84.3,6826.8,17.3,3109.7,-532.4,3642.1
60.1,9.7,91.3,7966.0,16.7,1035.7,-2294.7,3330.5
68.4,8.3,75.6,5548.3,22.0,2714.7,-612.4,3327.1
73.0,6.5,57.0,5431.4,17.5,2600.1,-264.3,2864.4
76.5,8.2,87.2,6346.5,20.7,5301.1,740.6,4560.5
106.8,7.3,60.6,7010.0,23.7,5914.8,1051.6,4863.3
69.9,4.7,66.3,5884.3,16.7,3306.5,-9.4,3315.9
79.6,6.8,74.3,5553.8,27.4,4008.5,41.0,3967.5
89.7,6.3,82.1,5923.3,23.1,7830.5,2183.5,5647.1
70.7,8.7,78.7,6332.4,24.0,2347.0,-1227.8,3574.8
62.0,3.9,51.7,7087.3,22.2,-1276.9,-3477.9,2201.0
72.6,9.4,71.4,6201.4,20.7,2588.2,-727.6,3315.8
87.3,8.3,67.7,6426.8,23.0,4331.1,260.9,4070.2
78.5,8.8,48.7,7035.7,21.3,62.1,-2423.0,2485.1
65.1,7.8,73.9,6458.4,23.7,921.3,-2184.8,3106.0
84.4,4.4,60.5,6228.0,22.7,3665.8,-1.6,3667.4
56.3,8.0,54.4,6145.1,18.5,-1094.9,-3017.4,1922.5
57.5,4.7,66.2,7150.4,22.5,-959.6,-3518.6,2559.0
80.9,5.3,71.2,6514.5,17.7,5123.3,799.8,4323.5
46.6,6.6,64.4,5833.4,20.4,-1747.2,-3637.1,1889.9
56.2,4.9,67.8,6330.9,24.8,-783.2,-3332.1,2548.8
58.7,4.5,51.0,7129.5,27.3,-2592.3,-4615.6,2023.2
50.2,3.2,57.4,5389.5,24.0,-1202.4,-3179.9,1977.5
77.7,6.6,67.3,5940.0,22.0,3496.0,-80.1,3576.1
72.4,7.5,74.8,6808.5,20.1,2853.3,-717.4,3570.8
52.2,8.0,52.4,5826.4,22.3,-2043.3,-3738.8,1695.5
65.0,3.8,53.6,5761.4,21.1,630.2,-1773.1,2403.2
89.8,4.2,73.7,5991.7,19.9,7476.7,2105.2,5371.5
78.5,8.5,90.2,6392.7,16.8,6866.8,1686.5,5180.3
68.0,4.1,80.6,5545.0,26.3,3135.4,-637.0,3772.4
57.8,6.6,80.9,5310.5,23.5,1248.4,-1780.9,3029.4
35.0,8.9,66.4,5462.6,24.1,-4383.6,-5653.3,1269.7
64.8,4.0,78.0,6336.1,24.7,1886.9,-1589.9,3476.8
72.3,7.4,58.7,5684.0,26.1,1044.3,-1750.5,2794.8
122.4,6.7,58.1,5961.5,21.9,9076.4,2976.3,6100.1
61.4,8.4,82.3,6012.6,21.0,1651.7,-1536.1,3187.9
69.1,8.2,59.0,6541.2,18.6,863.6,-1770.9,2634.5
94.7,8.7,82.9,5401.0,27.2,8070.1,2322.9,5747.2
56.3,5.2,57.3,5967.7,21.6,-752.9,-2897.0,2144.2
59.0,5.8,71.3,7302.2,22.7,-632.5,-3412.1,2779.5
89.5,4.0,79.0,5361.2,19.5,8980.8,2989.7,5991.1
61.9,7.7,61.1,6755.1,20.2,-424.8,-2848.2,2423.3
85.0,6.2,47.4,6267.2,22.3,1578.2,-1160.1,2738.3
77.1,3.5,71.8,6040.8,16.1,5562.0,1184.3,4377.8
66.9,6.5,59.3,6864.7,19.3,429.2,-2196.0,2625.1
64.2,5.0,69.8,7174.5,20.5,860.6,-2168.5,3029.2
58.6,6.7,96.7,7979.1,19.2,1095.4,-2473.8,3569.2
69.5,5.4,53.9,6790.2,21.3,147.0,-2380.2,2527.2
77.8,8.8,60.1,6793.3,20.3,1763.1,-1274.0,3037.1
79.3,5.6,89.0,6373.6,17.9,7361.6,1926.4,5435.2
50.8,9.7,85.1,6564.7,20.4,-1096.9,-3656.4,2559.4
89.9,8.7,81.8,7241.0,21.0,6604.2,1277.6,5326.6
77.8,3.4,65.3,6763.5,24.4,2692.5,-869.5,3561.9
77.5,9.0,76.0,6888.6,15.9,4484.8,375.3,4109.5
70.3,3.8,48.4,5739.9,24.0,408.5,-1948.6,2357.1
92.8,9.6,92.9,7533.7,18.2,8967.3,2477.6,6489.8
69.1,8.9,82.4,5728.6,18.0,4132.9,350.2,3782.7
85.3,4.2,61.1,6318.2,18.1,4581.4,604.1,3977.3
66.2,10.0,82.8,7624.2,19.7,1313.9,-2098.8,3412.7
101.2,6.0,63.8,5140.0,23.5,7503.2,2301.4,5201.8
67.5,5.7,50.7,5965.2,21.3,210.9,-2085.6,2296.5
57.9,6.8,81.0,5887.9,16.5,2222.9,-806.2,3029.1
79.4,3.9,67.9,7204.5,24.8,2762.0,-991.8,3753.8
72.2,5.8,53.6,6211.4,20.1,1103.8,-1501.1,2604.9
127.1,6.4,56.5,6005.4,18.3,9925.9,3443.2,6482.7
85.2,3.4,43.9,5800.3,23.9,1644.2,-993.9,2638.1
66.3,7.4,60.7,5490.3,24.4,736.9,-1886.0,2622.9
82.8,3.2,68.0,5539.9,17.7,6198.0,1619.6,4578.4
81.0,6.4,57.0,6112.6,23.0,2388.8,-737.4,3126.3
57.6,3.8,69.7,6645.5,26.4,-776.7,-3519.0,2742.3
47.0,6.8,70.5,5699.0,21.6,-1497.8,-3577.9,2080.2
83.1,8.9,80.1,6266.0,26.3,4617.3,214.9,4402.4
99.4,3.9,61.0,6629.9,17.6,6702.5,1672.3,5030.2
68.7,4.8,89.3,6230.9,23.4,3974.4,-168.4,4142.8
67.0,3.9,81.9,5038.2,17.1,5482.1,1299.4,4182.7
61.8,7.8,60.3,5481.8,20.0,615.3,-1768.5,2383.7
66.9,6.7,51.8,6003.1,22.3,-67.9,-2351.2,2283.3
63.0,4.8,59.9,5929.6,26.0,-109.5,-2658.3,2548.8
73.8,4.3,63.5,5814.0,18.5,3445.7,60.8,3384.9
99.8,7.5,69.5,6750.4,23.5,6673.3,1459.7,5213.6
84.7,9.4,74.7,7192.8,23.0,3980.4,-214.7,4195.0
51.2,5.0,62.8,5582.8,20.9,-685.1,-2810.0,2124.9
82.8,3.0,87.2,6851.3,21.7,7244.1,1658.2,5585.9
50.2,7.0,83.9,6756.0,22.0,-1197.6,-3851.7,2654.1
67.8,7.9,93.2,6256.5,20.5,3993.0,-47.1,4040.1
60.8,6.0,95.3,6898.2,20.3,2395.0,-1338.7,3733.7
96.1,6.0,46.6,6467.4,23.9,2474.9,-658.7,3133.6
78.9,4.4,74.5,6933.2,19.5,4701.0,391.3,4309.6
52.1,7.3,80.4,5690.1,18.9,517.1,-2120.8,2637.9
62.2,3.3,62.5,7138.7,18.4,446.7,-2253.3,2700.1
53.8,9.9,65.6,6404.8,21.7,-1741.5,-3847.9,2106.4
80.7,4.0,72.2,6200.6,19.8,5365.9,951.3,4414.7
62.4,8.9,46.2,7020.9,20.5,-2087.2,-3898.6,1811.5
78.1,4.7,53.7,6479.4,22.7,1495.5,-1388.6,2884.1
54.3,6.1,63.5,5869.4,21.7,-675.1,-2919.4,2244.3
74.6,6.6,51.7,6378.3,19.9,976.6,-1598.3,2574.9
109.9,6.0,85.1,6387.4,23.9,12248.8,4279.6,7969.2
54.9,5.5,49.5,6248.7,22.5,-1922.8,-3716.2,1793.4
104.3,7.0,70.6,5787.7,16.7,9876.5,3429.3,6447.2
62.4,4.2,50.5,7760.9,26.2,-2486.7,-4640.6,2153.9
87.2,5.7,80.0,5846.5,20.8,7648.4,2172.4,5476.0
102.7,9.4,86.1,6752.2,17.9,11079.8,3740.4,7339.4
93.3,4.7,83.4,5696.0,17.1,10660.6,3779.9,6880.7
60.0,6.2,80.3,5511.1,23.7,1542.8,-1622.7,3165.5
62.9,3.2,64.0,5880.1,21.9,1242.3,-1560.1,2802.5
66.0,3.2,74.4,5857.7,22.4,2786.4,-636.0,3422.4
92.9,8.4,57.9,6188.8,17.6,4779.1,772.1,4007.0
50.7,6.9,65.5,7975.5,20.1,-2861.1,-4959.7,2098.6
67.9,8.0,86.9,7601.8,27.1,830.0,-2968.2,3798.2
69.3,8.6,78.3,6736.0,19.7,2587.4,-901.6,3489.1
44.5,4.4,65.3,6453.8,18.6,-1916.1,-3833.1,1917.0
58.7,3.6,72.9,7349.1,20.2,273.4,-2665.0,2938.4
48.6,4.1,80.8,7852.1,18.5,-1304.0,-3935.3,2631.3
60.9,6.5,66.5,6897.4,21.2,-215.2,-2859.2,2644.0
81.1,4.6,61.4,7414.1,17.9,2980.3,-581.3,3561.6
46.6,4.3,80.8,6580.8,20.6,-1108.6,-3614.2,2505.7
59.1,6.6,64.3,7010.0,20.4,-669.6,-3145.4,2475.8
84.3,5.4,53.5,6917.5,24.6,1607.4,-1484.0,3091.4
73.6,9.2,63.7,5997.1,22.3,1837.9,-1170.5,3008.4
84.5,8.1,65.2,6849.9,23.5,3092.8,-587.7,3680.5
63.3,8.3,63.1,5978.6,21.3,388.5,-2153.1,2541.6
56.4,9.6,65.6,6350.7,20.2,-945.2,-3192.8,2247.6
72.3,6.6,52.4,7430.2,20.3,-217.5,-2738.5,2521.0
59.0,4.4,67.3,6885.4,24.7,-707.5,-3397.0,2689.6
61.0,9.8,73.3,5997.5,19.0,979.9,-1769.6,2749.5
65.7,9.1,58.7,6332.0,22.8,-305.4,-2737.3,2431.9
97.1,7.6,75.7,5778.9,24.7,7813.8,2216.2,5597.5
65.6,3.9,92.4,5840.1,18.3,5255.4,895.9,4359.6
70.2,5.2,52.6,6631.8,23.3,-15.1,-2518.8,2503.7
66.4,4.1,67.4,7223.2,18.5,1462.9,-1614.2,3077.2
89.9,3.0,66.2,5825.5,23.0,6015.9,1360.1,4655.8
92.3,4.5,71.0,5861.1,16.2,8219.7,2597.5,5622.2
66.0,6.0,88.7,6481.3,18.5,3922.5,-28.2,3950.7
85.8,4.4,82.9,6855.4,20.2,7340.8,1776.9,5563.9
61.8,7.7,77.2,5529.6,16.3,2846.3,-267.5,3113.8
54.4,5.8,64.2,5691.1,20.7,-233.2,-2520.5,2287.3
76.0,3.8,85.9,6627.2,20.5,5842.6,989.6,4853.0
68.2,5.2,81.3,6571.6,21.2,3189.7,-570.6,3760.2
79.2,8.9,78.8,5888.6,18.5,5599.8,1142.6,4457.2
52.8,6.3,72.4,7052.8,19.8,-1044.3,-3513.4,2469.1
62.1,6.4,58.1,6793.8,23.2,-954.9,-3323.1,2368.2
46.4,8.1,65.7,6915.0,19.2,-2704.3,-4548.3,1844.0
98.9,8.0,57.9,6528.9,24.4,4414.9,345.1,4069.8
111.0,9.1,62.1,6646.1,27.1,6400.5,1318.5,5082.0
79.3,3.8,47.4,7145.5,20.7,594.2,-2025.6,2619.8
103.1,5.4,75.9,6336.9,24.5,9026.2,2718.8,6307.4
86.8,9.8,83.6,5943.9,22.4,6782.4,1628.6,5153.8
74.4,9.9,57.7,6787.4,24.3,188.6,-2537.4,2726.0
73.8,8.9,43.8,6290.3,21.1,-429.4,-2511.5,2082.1
49.0,7.1,85.7,6073.3,21.8,-771.6,-3397.8,2626.2
70.5,8.4,47.0,7792.5,16.9,-1201.5,-3337.4,2135.8
56.4,7.0,77.4,5720.8,18.7,1233.5,-1561.5,2795.0
70.1,4.0,64.3,6967.7,22.4,1319.6,-1793.8,3113.3
98.6,5.1,91.4,6303.6,16.9,12591.6,4579.0,8012.6
58.2,5.4,98.9,6029.9,16.4,3839.0,82.2,3756.8
70.5,3.6,58.1,8241.8,22.8,-428.8,-3279.6,2850.8
56.9,6.1,54.4,5656.0,21.9,-793.5,-2814.0,2020.5
72.0,8.2,83.9,5929.2,25.4,3297.1,-622.8,3919.9
75.2,4.8,80.8,5352.6,21.7,5647.1,1195.4,4451.7
54.1,5.0,81.9,5917.1,24.2,220.6,-2727.2,2947.8
62.2,4.1,61.5,7369.9,18.4,1.0,-2613.4,2614.5
69.8,4.6,63.8,6120.2,18.0,2569.1,-531.9,3101.0
55.8,6.1,72.7,6572.2,21.3,-271.8,-2923.0,2651.2
51.7,9.3,73.1,6477.4,22.3,-1776.7,-4046.1,2269.3
54.6,6.0,70.0,6293.5,23.3,-828.0,-3317.5,2489.5
56.1,9.7,79.3,6633.3,23.2,-936.0,-3631.3,2695.2
67.8,6.4,57.6,5110.6,26.3,877.3,-1715.4,2592.7
38.9,6.6,57.5,6861.0,20.8,-4221.2,-5580.1,1358.8
54.5,10.0,60.5,5924.9,19.6,-1180.8,-3154.2,1973.3
57.4,5.8,44.6,5632.8,19.6,-1148.2,-2833.1,1684.9
73.2,8.1,51.3,7417.2,19.2,-263.5,-2708.1,2444.5
80.0,3.1,73.9,5947.7,21.3,5596.4,1086.5,4509.9
102.2,9.9,52.3,6231.6,24.3,3899.1,179.0,3720.1
83.5,4.9,78.6,5978.1,15.5,7795.3,2340.5,5454.8
60.5,3.1,85.3,6729.7,21.8,2083.3,-1497.6,3580.9
92.9,7.9,72.2,5460.0,24.7,6660.7,1707.1,4953.6
53.3,8.5,57.8,5653.6,22.8,-1575.1,-3470.0,1894.9
81.9,5.7,45.3,7238.9,19.0,504.4,-2024.1,2528.4
57.8,7.4,51.0,5502.0,16.4,-240.6,-2120.5,1880.0
66.8,5.2,71.5,8193.1,22.5,204.1,-3019.1,3223.1
61.9,6.6,61.3,6628.7,26.1,-1063.0,-3544.1,2481.1
87.4,6.0,60.0,7490.5,18.3,3425.7,-334.1,3759.8
45.4,4.8,73.9,7197.9,21.1,-2474.1,-4669.2,2195.1
92.2,8.9,61.0,6062.0,21.3,4638.3,627.3,4011.0
86.7,7.8,52.8,6277.9,24.9,2034.7,-1019.9,3054.6
60.6,6.2,71.5,7508.8,21.9,-425.8,-3275.3,2849.5
50.8,4.6,60.6,7788.4,24.8,-3343.2,-5396.0,2052.9
88.5,6.3,63.7,5453.6,24.9,4821.4,772.0,4049.4
89.2,6.2,58.3,6102.2,18.1,4606.4,687.4,3919.0
65.7,6.9,56.8,6683.8,26.6,-1018.0,-3461.2,2443.3
95.5,6.2,65.2,5764.1,21.5,6562.4,1702.4,4860.0
49.7,4.1,53.6,7378.9,19.9,-2794.5,-4584.8,1790.3
69.4,7.4,80.4,6991.4,24.2,1891.0,-1758.2,3649.2
70.1,6.1,61.8,6169.0,20.7,1648.8,-1247.7,2896.5
71.0,6.0,61.7,5347.9,19.6,2696.4,-290.3,2986.8
69.9,7.0,78.4,6499.6,24.4,2264.3,-1345.6,3609.9
79.7,3.7,92.6,5227.2,21.9,8346.9,2581.1,5765.8
59.9,5.3,69.0,6137.5,17.2,1436.9,-1321.8,2758.6
68.8,3.7,50.9,6654.8,21.4,54.5,-2373.6,2428.1
45.6,7.8,44.5,5973.9,23.5,-3517.3,-4747.5,1230.1
64.6,6.1,49.9,7172.9,24.8,-1809.9,-3948.1,2138.3
76.2,4.7,47.3,6608.4,25.1,0.9,-2472.6,2473.5
62.4,5.2,70.7,7287.8,21.1,357.4,-2603.3,2960.6
85.0,5.7,60.5,6589.8,21.0,3503.0,-141.0,3644.0
52.1,6.6,61.6,6199.1,21.6,-1524.1,-3574.9,2050.8
40.4,8.1,61.4,6178.6,22.1,-3708.7,-5163.5,1454.9
79.6,7.6,65.5,6312.3,22.9,2937.8,-539.1,3476.9
67.9,8.9,61.3,6073.4,22.9,514.9,-2130.2,2645.1
59.9,7.4,67.3,7089.7,18.9,-217.3,-2806.1,2588.7
60.6,4.1,62.3,6785.3,21.2,-127.5,-2705.3,2577.8
71.2,9.2,76.7,6464.1,25.9,1646.4,-1834.9,3481.3
81.7,8.5,54.2,6000.1,20.1,2319.6,-627.4,2947.0
61.4,6.5,55.2,6710.9,18.9,-606.5,-2826.6,2220.1
48.6,9.8,71.4,7754.3,21.2,-3432.3,-5459.7,2027.4
76.8,7.0,67.4,5228.9,24.4,3472.0,-4.6,3476.6
47.0,8.2,65.1,6672.7,19.5,-2490.7,-4341.6,1850.9
59.8,5.8,54.0,5442.4,22.2,-239.8,-2372.1,2132.2
57.3,9.3,73.3,8213.2,23.0,-2317.1,-4893.7,2576.6
108.5,7.2,49.8,5880.8,20.7,5401.1,1173.8,4227.3
79.0,9.7,96.7,6153.9,22.9,6079.8,1104.3,4975.6
64.1,4.0,60.1,5903.8,20.1,1187.3,-1460.4,2647.7
97.2,3.8,56.2,7591.9,17.6,4565.2,329.5,4235.7
80.3,6.7,60.6,6445.5,16.8,3418.5,-47.8,3466.3
65.2,6.9,72.3,6554.1,20.8,1393.7,-1690.7,3084.4
99.9,4.6,65.4,5302.0,20.1,8268.3,2701.5,5566.8
83.5,3.8,48.7,6755.5,20.6,1682.2,-1177.5,2859.7
58.9,9.6,89.8,6258.1,19.5,1509.5,-1709.2,3218.6
46.0,7.4,69.9,6063.9,17.2,-1352.4,-3326.8,1974.4
51.5,4.1,52.2,7696.9,16.0,-2387.0,-4198.9,1811.9
104.7,9.6,60.8,6465.8,22.7,5908.0,1195.9,4712.1
51.8,6.3,79.0,7007.3,23.8,-1600.9,-4231.9,2631.0
61.4,5.6,75.4,6635.7,22.5,823.9,-2258.0,3081.9
96.9,8.2,83.4,6113.9,22.4,9176.7,2843.5,6333.2
65.4,7.2,75.6,7147.7,20.7,1228.2,-1996.6,3224.8
67.8,5.3,54.2,5954.9,25.2,134.4,-2347.9,2482.3
63.3,9.8,57.0,6943.4,21.8,-1279.5,-3514.9,2235.5
64.3,7.5,73.5,7590.9,21.7,163.4,-2891.4,3054.8
105.7,4.9,73.5,6396.0,21.6,9691.7,3114.4,6577.3
110.4,5.7,76.7,6944.7,22.9,10400.7,3311.3,7089.4
59.1,9.2,68.8,7963.2,18.0,-1171.5,-3685.2,2513.8
69.5,8.0,64.6,6004.4,21.6,1537.3,-1371.4,2908.7
47.5,9.4,60.7,5784.2,21.8,-2414.9,-4110.9,1696.0
64.5,3.7,67.7,6489.1,18.7,1832.4,-1180.6,3013.0
106.8,7.0,76.7,6136.5,19.4,10820.0,3753.5,7066.5
63.0,6.9,45.7,7247.5,18.9,-1834.1,-3712.0,1877.9
63.4,7.9,91.3,7951.2,19.6,1537.2,-2124.0,3661.2
75.6,5.2,70.2,6623.9,17.1,4047.0,197.0,3850.0
70.7,3.4,52.4,5949.6,25.1,627.2,-1954.5,2581.7
68.0,8.6,80.3,6977.1,20.5,2134.9,-1362.6,3497.5
90.6,8.2,75.2,7572.0,22.0,5324.5,510.6,4813.9
66.4,9.2,63.8,7216.0,17.0,453.6,-2220.8,2674.4
70.2,6.7,49.4,8047.0,15.7,-786.2,-3084.6,2298.3
103.4,4.7,91.2,6173.7,16.5,14010.7,5299.2,8711.4
80.4,6.9,94.4,8079.3,20.1,5895.3,637.8,5257.4
91.8,3.7,66.1,6628.5,19.4,6130.0,1307.6,4822.4
52.7,9.3,41.1,5895.1,19.0,-2493.6,-3798.4,1304.8
114.6,4.2,70.0,5599.5,23.1,11139.5,3991.2,7148.3
71.2,9.5,71.4,5831.2,17.6,3192.9,-129.3,3322.3
80.8,9.7,90.5,6174.4,20.0,6579.8,1493.0,5086.9
67.0,5.0,93.0,5879.9,20.4,4830.3,564.3,4266.0
62.9,3.9,61.5,7380.4,18.3,156.6,-2502.5,2659.1
83.4,5.8,54.3,5207.8,19.6,3715.6,408.5,3307.2
55.8,5.6,78.7,6933.9,25.8,-997.0,-3887.0,2889.9
51.7,8.0,71.7,5871.6,19.9,-619.8,-2913.3,2293.5
64.4,8.6,64.1,5892.8,27.2,-310.9,-2930.9,2620.0
94.4,9.7,78.6,7312.7,23.7,6202.5,987.6,5214.9
55.9,7.4,75.8,7008.3,19.6,-353.7,-3043.6,2689.9
61.4,5.3,64.7,6568.8,24.1,-278.9,-2938.1,2659.2
66.4,7.7,57.8,6364.6,20.1,319.6,-2165.1,2484.7
51.2,3.1,60.2,5946.8,21.8,-1002.5,-3123.5,2121.0
52.0,4.9,47.3,6728.7,21.7,-2684.5,-4318.5,1633.9
83.7,4.0,90.0,6593.0,22.6,7575.0,1856.4,5718.5
59.7,8.6,84.2,6175.9,22.7,892.2,-2255.5,3147.8
44.9,7.6,62.0,5154.1,26.0,-2631.5,-4325.6,1694.1
107.6,5.0,97.7,6055.6,21.0,14955.5,5679.2,9276.4
105.2,5.1,63.7,6789.4,18.2,7754.7,2156.6,5598.1
65.0,5.2,72.1,5689.8,19.3,2725.0,-455.7,3180.7
102.3,4.1,62.8,6915.0,23.4,6286.6,1265.6,5021.0
96.2,9.0,74.3,6095.6,23.4,7123.0,1818.7,5304.3
95.8,7.2,67.4,6976.4,27.7,4687.9,194.5,4493.4
79.2,8.7,75.2,7376.8,26.0,2377.1,-1508.6,3885.7
61.9,4.2,68.5,6304.9,21.7,984.8,-1911.5,2896.3
54.8,9.5,62.6,6929.0,18.9,-1685.3,-3761.8,2076.5
75.4,3.2,65.5,6505.4,23.1,2781.2,-695.7,3476.9
65.4,5.5,42.6,5635.8,26.4,-1154.3,-3023.5,1869.2
57.5,5.3,57.6,6279.3,22.7,-981.4,-3187.5,2206.0
49.2,3.5,62.1,5955.0,20.0,-986.9,-3067.0,2080.1
61.3,7.6,66.3,5973.7,21.6,375.9,-2228.6,2604.6
96.9,8.6,89.7,5676.3,24.7,9853.6,3194.2,6659.4
91.4,7.8,61.2,6104.0,15.7,5595.5,1246.8,4348.8
97.2,7.2,62.1,6502.0,16.8,6256.7,1478.6,4778.1
67.3,7.4,65.9,7135.0,22.4,275.8,-2614.1,2889.9
53.6,8.7,49.1,6855.4,22.9,-3118.6,-4731.6,1613.0
72.0,4.4,56.0,5832.8,21.4,1716.7,-1057.7,2774.4
72.2,7.6,51.2,5306.8,20.0,1379.2,-1044.4,2423.6
78.5,9.9,59.1,5881.6,18.9,2572.6,-453.0,3025.7
47.1,7.2,77.1,6142.0,22.2,-1761.8,-4010.6,2248.8
88.4,8.9,67.8,6007.3,22.8,4852.4,668.0,4184.4
77.1,6.3,94.5,7471.5,18.9,6064.1,921.5,5142.6
73.5,7.2,66.6,6437.7,24.3,1733.7,-1500.9,3234.6
42.4,6.8,47.7,6302.9,25.1,-4147.9,-5391.9,1243.9
91.7,3.4,83.3,7268.5,21.6,8253.6,2125.0,6128.6
68.7,6.9,48.1,6061.4,22.2,-277.0,-2451.5,2174.5
55.6,5.5,81.7,7654.8,16.3,593.8,-2403.3,2997.1
91.9,8.0,75.8,6194.3,22.4,6848.0,1661.0,5186.9
91.9,8.2,74.0,5548.2,18.5,7825.3,2409.1,5416.2
67.9,9.5,85.6,7168.6,18.0,2804.4,-863.6,3668.0
56.4,4.3,61.1,5966.9,24.1,-691.4,-3021.2,2329.7
68.3,7.5,93.8,6845.2,17.5,4455.9,216.7,4239.2
80.0,7.5,63.9,6774.4,24.7,2121.4,-1270.7,3392.1
78.4,6.7,63.7,5504.1,23.6,3253.1,-134.3,3387.4
70.3,5.8,61.6,5990.0,20.6,1892.6,-1020.6,2913.2
121.5,5.2,54.4,7430.9,26.4,6363.9,1195.6,5168.3
51.7,5.3,47.5,5359.1,20.5,-1428.4,-3043.6,1615.3
63.5,8.1,60.5,7971.2,20.8,-1424.8,-3880.2,2455.4
63.5,6.0,55.9,7499.7,20.3,-1056.7,-3412.1,2355.4
84.4,5.7,84.6,6731.1,21.2,6895.6,1530.9,5364.7
68.6,9.3,67.0,5998.8,24.7,876.6,-2034.9,2911.5
83.0,5.2,66.7,6096.5,21.1,4603.1,559.7,4043.4
67.8,3.9,46.7,5742.8,25.9,-337.5,-2522.1,2184.6
95.0,6.4,61.6,6902.7,18.3,5326.3,862.2,4464.1
67.1,7.6,64.6,7081.7,24.9,-285.0,-3103.9,2818.9
79.9,4.3,50.5,5770.1,23.6,1877.2,-919.7,2796.9
62.3,9.5,58.9,7318.0,21.5,-1511.9,-3791.8,2279.8
92.3,6.8,53.2,5526.6,26.0,3483.1,60.8,3422.3
84.3,5.5,60.7,6168.8,25.8,3088.7,-439.7,3528.3
58.5,3.8,77.5,6514.4,18.2,1760.7,-1344.2,3104.9
65.5,4.6,57.7,5223.0,19.1,1790.8,-786.4,2577.2
50.6,9.0,84.4,6189.5,20.0,-600.7,-3169.3,2568.6
80.8,4.8,59.6,6440.7,21.5,2913.2,-467.7,3381.0
71.8,9.7,68.1,6604.0,19.1,1937.1,-1157.9,3095.0
65.0,8.2,50.7,6617.5,22.4,-1173.2,-3282.5,2109.2
90.6,4.4,82.9,6329.3,17.7,9336.5,2979.1,6357.4
89.1,4.4,58.4,6400.8,23.2,3858.5,77.5,3780.9
77.6,9.9,53.9,6627.7,25.5,205.0,-2465.6,2670.6
56.6,7.5,73.9,5685.4,15.9,1481.4,-1171.1,2652.5
65.4,3.6,60.7,5884.9,25.2,712.6,-2037.5,2750.0
71.1,8.7,73.8,5734.3,16.9,3806.6,257.6,3549.0
76.8,7.5,61.1,6352.0,21.2,2187.1,-920.1,3107.2
105.5,5.2,62.6,6636.6,26.0,6417.2,1348.8,5068.4
77.5,8.1,78.5,5630.3,22.4,4761.9,625.3,4136.6
59.5,7.0,46.8,7594.1,25.9,-3330.2,-5128.5,1798.3
70.7,4.5,54.7,7116.7,22.0,162.0,-2489.3,2651.3
61.3,8.7,60.6,6328.0,20.5,-398.6,-2732.0,2333.3
76.2,6.4,58.2,6256.1,25.1,1390.8,-1585.8,2976.6
70.8,9.4,67.1,7077.7,19.8,1166.7,-1849.9,3016.6
62.0,4.9,44.8,5750.0,16.3,-195.5,-2071.0,1875.5
47.0,10.0,76.1,5615.2,25.0,-2477.7,-4537.9,2060.3
58.0,5.3,65.4,6779.6,16.4,337.7,-2186.1,2523.8
69.8,8.1,55.0,6293.9,21.5,326.9,-2157.1,2484.0
39.9,9.8,80.9,6680.2,21.8,-4038.8,-5823.1,1784.3
95.0,6.8,48.4,6875.2,22.9,2312.1,-862.3,3174.4
71.0,9.1,72.0,6138.5,16.2,3278.4,-115.6,3394.0
93.9,5.5,64.1,5764.2,18.8,6672.8,1814.2,4858.6
53.4,8.5,76.6,6176.4,18.7,-88.3,-2608.8,2520.4
46.5,3.6,61.8,5399.2,20.1,-992.0,-2933.6,1941.6
94.6,6.6,79.4,5672.6,19.6,9309.7,3086.3,6223.4
55.8,5.7,71.0,8043.0,21.6,-1685.6,-4287.6,2601.9
61.8,6.7,48.1,5627.1,15.7,77.3,-1864.2,1941.5
71.2,7.7,58.9,5879.8,22.6,1209.6,-1532.0,2741.6
81.4,5.1,59.6,7370.7,24.9,1639.6,-1694.6,3334.2
59.7,5.1,52.0,6286.4,19.8,-709.6,-2790.4,2080.8
68.9,3.3,70.4,7594.0,26.5,624.0,-2760.7,3384.7
67.6,9.6,49.5,6132.2,15.8,139.0,-1961.6,2100.6
53.3,9.3,45.8,5251.9,20.4,-1714.4,-3191.1,1476.7
70.2,4.1,77.6,6525.5,20.4,3616.6,-205.8,3822.3
72.9,10.0,69.7,6285.2,20.4,2311.1,-901.6,3212.7
65.9,8.7,78.7,6667.4,24.8,886.9,-2409.0,3295.9
83.7,7.9,62.2,6629.2,27.6,2087.5,-1362.0,3449.4
52.3,6.6,68.0,7552.1,26.9,-3181.2,-5460.5,2279.3
73.4,3.5,59.7,7548.6,23.4,721.0,-2335.2,3056.2
50.9,7.7,62.5,6214.9,23.8,-2208.1,-4189.0,1980.9
59.8,7.8,74.4,7333.8,20.0,-135.9,-2966.0,2830.1
43.3,3.7,52.9,6242.1,17.1,-2302.9,-3833.6,1530.7
57.9,9.3,47.7,7310.6,21.3,-2931.8,-4628.4,1696.6
89.0,9.2,68.1,5638.1,15.4,6574.9,1835.4,4739.5
41.9,9.6,68.0,6157.6,16.6,-2549.4,-4153.4,1604.0
75.4,5.3,73.4,6864.3,19.5,3779.4,-116.4,3895.8
75.6,5.7,59.5,6880.5,24.0,1195.0,-1852.6,3047.6
49.3,6.7,47.0,5866.0,23.3,-2715.9,-4181.7,1465.8
83.3,8.4,53.1,6518.0,20.7,1861.9,-1059.2,2921.0
91.6,7.6,87.5,5713.3,20.9,9426.3,3065.5,6360.8
61.7,5.6,70.3,6433.0,27.1,-244.3,-3134.1,2889.7
64.2,9.5,62.1,6342.4,21.5,-99.3,-2585.8,2486.5
67.5,9.7,85.4,8013.1,27.5,-196.1,-3804.3,3608.3
55.1,6.2,81.1,5288.6,24.1,688.7,-2219.2,2907.9
47.2,7.7,61.2,6149.6,16.6,-1655.7,-3427.3,1771.6
61.2,5.9,56.4,5930.4,21.8,-193.0,-2480.5,2287.5
59.4,8.8,51.6,6577.6,18.5,-1379.5,-3288.8,1909.3
72.5,6.9,70.7,6261.7,21.3,2766.6,-641.5,3408.1
77.0,6.2,61.2,6790.8,20.8,2114.9,-1065.5,3180.4
77.7,6.0,56.8,5978.7,16.9,2973.8,-163.3,3137.1
79.8,8.8,76.5,6282.0,18.9,4968.8,704.7,4264.1
98.5,3.4,62.0,7379.9,20.5,5703.9,904.1,4799.8
52.6,4.9,69.0,5729.5,22.4,-395.7,-2806.9,2411.2
61.5,5.3,57.0,7256.7,20.6,-976.3,-3321.8,2345.5
82.7,6.1,50.5,6287.4,21.3,1858.6,-988.7,2847.3
81.1,8.7,85.4,7134.1,21.8,5088.3,393.6,4694.7
63.0,7.5,58.6,7216.9,24.4,-1484.9,-3866.4,2381.5
64.8,9.3,80.9,6256.0,25.1,998.9,-2287.8,3286.7
92.5,3.2,60.4,6550.0,20.2,5241.6,868.5,4373.1
77.3,4.8,58.4,6712.5,15.5,2888.2,-374.0,3262.2
94.1,5.6,92.7,6856.8,17.0,11080.1,3720.4,7359.7
47.2,3.6,89.3,6837.3,20.8,-640.8,-3472.1,2831.3
53.9,9.1,55.6,6898.0,23.4,-2857.8,-4681.4,1823.6
63.8,6.5,56.4,6168.8,26.2,-764.6,-3129.2,2364.6
64.2,8.9,66.8,5914.7,22.9,528.4,-2174.1,2702.5
69.9,4.2,62.4,6712.5,23.1,1136.7,-1866.1,3002.9
105.1,9.1,61.4,5974.2,18.9,7205.9,2055.7,5150.1
62.4,5.5,64.8,5883.1,22.7,704.4,-1995.1,2699.4
66.2,5.4,88.5,5327.3,18.2,5169.8,990.6,4179.2
75.3,7.9,57.3,6524.7,20.0,1452.2,-1376.5,2828.7
67.1,7.6,91.9,6317.6,22.3,3323.7,-627.2,3951.0
63.0,5.2,57.4,8174.2,19.0,-1265.5,-3693.9,2428.5
64.0,4.0,78.3,5806.3,26.3,1866.8,-1571.6,3438.4
58.4,3.6,72.9,6637.7,20.1,850.8,-2072.0,2922.8
67.9,8.0,75.1,6073.7,24.6,1651.4,-1639.7,3291.1
69.0,3.5,69.0,5612.2,19.6,3416.0,12.9,3403.1
70.5,5.0,56.1,6888.4,21.6,475.1,-2215.1,2690.1
57.8,7.1,64.8,5956.2,23.7,-569.0,-2976.9,2407.9
85.8,4.7,80.5,6995.2,22.1,6375.9,1191.1,5184.8
61.3,3.9,65.4,7010.2,21.0,142.8,-2603.8,2746.6
66.9,4.3,68.6,6864.3,16.6,2307.1,-878.6,3185.7
78.7,4.8,50.0,6498.0,18.1,1664.6,-1068.4,2733.1
73.9,8.4,91.6,7828.1,19.6,4024.6,-368.0,4392.6
63.1,5.3,73.5,5457.5,20.3,2490.1,-624.4,3114.5
61.2,4.5,73.4,6772.9,21.5,894.0,-2155.8,3049.7
66.6,3.7,53.4,6177.3,22.4,306.7,-2154.0,2460.7
103.0,3.5,90.0,6034.1,20.3,13225.2,4876.9,8348.3
87.8,9.6,71.5,7870.9,18.8,4295.7,-29.7,4325.4
93.3,8.8,65.7,6137.6,26.8,4591.4,396.8,4194.6
72.7,5.9,82.6,7566.8,26.7,2113.1,-1926.7,4039.8
66.7,3.4,87.0,6263.1,22.4,3860.3,-178.1,4038.5
68.0,8.7,68.1,7337.5,18.9,850.5,-2109.6,2960.2
88.7,6.1,42.4,6860.6,19.8,1025.4,-1543.7,2569.1
79.3,3.5,54.3,6683.4,19.9,2157.1,-896.1,3053.2
84.5,4.6,56.1,6683.4,18.6,3191.4,-248.1,3439.4
72.9,7.2,57.4,7732.7,20.7,61.2,-2700.5,2761.7
78.6,9.3,71.2,6662.1,24.8,2512.2,-1100.8,3613.0
56.8,8.9,72.2,6133.6,19.5,53.8,-2478.8,2532.6
79.1,9.6,53.0,5952.9,22.7,1335.3,-1364.6,2699.9
62.2,4.1,78.9,6430.0,24.3,1391.1,-1961.4,3352.4
122.7,3.3,70.5,5724.6,21.4,13106.6,4942.4,8164.2
67.1,8.5,84.5,7312.7,26.1,872.3,-2757.6,3629.8
66.7,6.1,62.0,7546.9,25.4,-835.7,-3586.9,2751.2
49.8,8.4,55.6,7806.0,25.8,-4496.7,-6181.6,1684.9
61.7,9.0,67.5,7800.8,17.7,-583.9,-3188.8,2604.9
57.8,3.4,60.2,5688.2,21.1,314.9,-2083.8,2398.7
51.9,9.7,67.5,7554.0,19.7,-2567.9,-4652.9,2085.0
76.1,8.4,73.3,6505.8,23.9,2744.3,-885.0,3629.3
60.9,7.1,91.0,6933.9,22.6,1323.4,-2220.3,3543.7
95.1,3.0,57.0,7062.7,22.9,4202.6,134.9,4067.7
55.4,7.4,55.3,5960.6,25.8,-1949.0,-3894.9,1945.9
63.7,4.7,64.9,6184.1,23.0,738.2,-2064.1,2802.2
91.0,7.1,68.7,6142.5,21.7,5840.1,1200.1,4640.0
66.6,3.0,82.1,6265.6,21.2,3671.8,-187.7,3859.5
85.7,8.9,54.3,6229.1,24.2,2076.9,-977.7,3054.6
79.7,9.5,55.8,6921.5,26.6,374.3,-2497.0,2871.3
64.3,7.8,61.8,7024.9,25.1,-1023.1,-3578.6,2555.4
87.8,9.6,68.6,6576.4,19.9,4766.3,550.9,4215.5
53.4,9.2,70.9,5903.1,21.6,-908.6,-3205.2,2296.6
69.1,9.6,53.7,5668.0,20.7,545.8,-1795.3,2341.1
69.9,9.9,62.8,6479.9,19.2,1094.7,-1667.7,2762.4
82.7,9.9,65.0,5175.7,19.3,4604.6,839.4,3765.2
54.3,9.9,55.9,6665.2,17.4,-1837.1,-3653.9,1816.8
80.3,3.9,79.1,7772.9,18.7,5210.8,463.8,4746.9
100.6,3.7,60.2,5477.3,19.5,7435.5,2276.9,5158.6
109.6,3.3,81.6,5520.7,21.5,13329.9,5039.6,8290.2
59.4,9.5,55.5,5793.0,23.2,-1145.0,-3172.7,2027.8
40.1,7.9,45.6,5953.9,24.2,-4205.6,-5280.1,1074.4
55.0,7.2,58.8,5954.3,25.8,-1777.4,-3835.9,2058.5
115.3,3.9,87.8,6588.4,20.1,15143.3,5709.8,9433.5
64.8,8.1,61.3,6580.1,22.9,-274.7,-2820.9,2546.2
102.6,9.6,60.7,6246.0,22.8,5731.0,1152.9,4578.1
89.0,6.1,71.0,7577.9,23.7,4422.1,-29.7,4451.8
82.9,4.8,62.7,6524.1,16.9,4385.2,463.6,3921.5
67.8,5.3,58.4,5952.6,19.7,1393.6,-1283.5,2677.2
92.7,7.2,68.4,5946.0,19.0,6739.9,1781.8,4958.1
64.2,3.6,65.8,6451.8,21.8,1080.4,-1836.7,2917.1
67.0,7.4,92.0,7439.0,19.1,3157.4,-805.5,3962.9
95.8,5.4,61.8,6522.3,19.3,5847.6,1212.0,4635.6
99.4,5.7,71.9,6848.1,26.5,6707.4,1361.9,5345.5
99.1,5.8,90.8,6853.1,21.9,10810.3,3484.3,7326.0
78.0,3.5,84.0,6689.8,21.8,5777.0,914.2,4862.7
75.7,5.7,57.5,7036.8,21.3,1222.0,-1724.8,2946.8
64.6,5.8,86.9,6159.4,20.7,3281.6,-446.5,3728.2
51.3,8.6,71.8,7354.6,18.0,-1724.8,-3971.5,2246.7
76.9,9.3,66.0,6688.0,19.1,2578.2,-727.3,3305.5
91.5,4.4,45.1,8091.2,19.5,965.5,-1915.6,2881.1
58.8,5.1,61.1,6204.4,20.1,-7.5,-2411.0,2403.6
72.3,9.7,63.0,8016.9,22.5,-341.8,-3228.6,2886.9
90.1,4.7,48.7,7361.8,21.8,1735.2,-1329.1,3064.4
82.5,8.7,59.3,7124.0,20.1,2165.5,-1063.5,3229.0
85.6,4.9,52.8,6874.7,18.6,2638.9,-595.5,3234.4
78.9,7.6,56.6,5854.9,25.4,1728.0,-1228.6,2956.6
51.6,9.3,51.5,7692.0,21.4,-3837.9,-5436.1,1598.3
82.7,5.6,48.4,7893.6,27.3,-535.0,-3268.3,2733.3
56.5,9.6,54.2,5735.8,17.4,-792.4,-2652.1,1859.6
73.4,3.4,61.9,5696.0,23.0,2669.8,-515.4,3185.2
92.4,7.8,55.5,7071.7,19.4,3341.4,-271.7,3613.0
73.0,7.0,61.0,5540.6,24.0,1908.5,-1044.2,2952.7
60.9,7.7,90.8,7740.7,18.9,1333.3,-2165.2,3498.5
100.2,5.4,64.9,5741.2,26.5,6623.7,1641.6,4982.1
57.8,4.9,61.2,6252.1,23.2,-657.3,-3029.5,2372.2
59.6,5.3,64.4,6613.4,20.5,-36.2,-2599.4,2563.2
69.0,3.7,54.2,6210.8,25.2,294.0,-2295.8,2589.8
91.5,4.7,75.2,7832.8,21.0,6133.8,925.9,5207.8
71.6,7.8,62.5,6810.1,19.7,1310.2,-1608.9,2919.1
69.8,5.4,73.4,6195.6,19.1,3309.9,-221.4,3531.3
93.9,8.3,52.0,6857.7,22.5,2648.0,-678.2,3326.2
41.1,9.8,84.1,6053.9,16.6,-2010.8,-3936.3,1925.5
58.3,4.4,67.0,7656.8,24.6,-1497.3,-4141.6,2644.3
52.0,6.0,46.6,6502.9,17.2,-2126.2,-3696.5,1570.3
58.8,9.1,56.0,6878.1,21.7,-1859.8,-3899.4,2039.6
84.6,6.3,55.2,6724.8,17.5,2940.8,-371.5,3312.2
56.7,4.5,72.5,7273.4,17.9,192.1,-2577.8,2770.0
77.4,8.1,54.0,6552.5,22.5,919.8,-1818.8,2738.6
86.8,8.8,65.7,6693.4,18.3,4466.0,414.1,4052.0
77.2,3.4,84.8,7486.6,23.8,4593.8,-65.5,4659.2
89.1,6.7,77.9,6812.8,18.0,7223.1,1807.3,5415.9
70.5,4.2,84.6,6376.4,20.4,4639.8,382.1,4257.8
81.8,9.9,52.0,7041.7,20.1,941.7,-1795.7,2737.4
51.9,6.0,67.1,5849.0,20.6,-627.5,-2884.1,2256.6
68.4,7.0,74.2,7303.6,20.6,1585.8,-1752.5,3338.3
67.1,6.5,67.7,5615.7,19.9,2335.5,-672.9,3008.4
78.9,5.7,92.0,6589.2,20.8,6711.7,1436.3,5275.4
81.0,7.7,63.2,6301.7,22.8,2882.6,-535.5,3418.1
61.9,6.8,67.0,7041.1,26.7,-1123.4,-3830.1,2706.6
55.8,6.5,54.3,6601.9,24.1,-2154.0,-4110.8,1956.9
58.5,8.8,55.1,6914.1,24.7,-2392.8,-4396.1,2003.2
57.2,7.8,65.4,6717.7,19.8,-754.1,-3120.1,2366.0
56.1,8.8,88.3,7380.7,20.1,-159.6,-3201.6,3042.0
84.1,5.0,80.6,6764.6,26.3,5295.4,498.0,4797.4
103.5,6.9,77.6,5905.0,26.2,9169.1,2842.5,6326.6
60.4,3.1,45.5,7484.8,22.3,-2319.9,-4229.7,1909.8
71.2,8.5,62.7,7172.5,25.6,-126.7,-3007.6,2880.9
76.6,8.3,59.2,6063.4,20.7,2119.9,-849.6,2969.6
96.8,3.2,63.1,6826.8,17.9,6584.1,1548.6,5035.4
56.9,9.6,50.4,5731.7,26.5,-2218.2,-3965.3,1747.2
67.5,3.6,89.3,7530.7,22.4,3078.6,-1067.7,4146.3
79.4,9.4,71.2,6771.1,24.2,2660.7,-991.2,3651.9
74.0,6.5,61.7,6414.9,21.4,1880.9,-1169.8,3050.7
93.9,6.1,78.2,6240.5,16.4,9196.8,2975.4,6221.4
77.4,4.6,77.7,6304.8,19.7,5345.4,877.3,4468.2
56.3,3.1,54.5,7269.5,21.6,-1807.3,-3926.5,2119.2
66.8,8.9,88.2,5471.2,23.7,3088.6,-629.8,3718.4
56.1,4.4,87.2,6216.7,24.8,701.6,-2583.3,3285.0
98.8,6.7,53.8,7634.2,21.6,3307.2,-471.1,3778.2
68.9,3.1,76.9,5752.8,22.0,3826.6,65.9,3760.8
61.4,5.0,67.8,5917.0,25.8,307.8,-2495.4,2803.2
51.3,5.0,66.4,6409.7,26.1,-2049.2,-4298.8,2249.5
71.9,6.9,86.9,5754.9,21.6,4829.8,583.6,4246.3
77.8,7.3,61.0,7967.8,20.7,1036.9,-2110.6,3147.4
67.8,8.8,79.3,6866.0,23.2,1467.5,-1957.0,3424.5
66.5,7.5,46.8,5830.1,25.5,-961.1,-2980.1,2019.0
53.9,4.6,51.6,7831.5,18.0,-2560.4,-4421.4,1861.1
68.7,4.3,43.0,6050.2,26.5,-972.3,-3001.2,2028.9
89.7,6.5,75.3,6518.1,23.2,6178.7,1208.9,4969.8
86.2,7.3,71.0,7174.4,22.9,4195.0,-35.8,4230.8
73.8,4.0,72.2,6983.1,19.8,3374.8,-393.3,3768.0
41.4,4.7,82.1,5929.8,20.7,-1700.2,-3907.6,2207.4
58.4,9.3,63.8,6864.5,23.7,-1699.0,-3995.3,2296.3
69.8,9.6,78.2,6209.1,25.9,1642.2,-1806.9,3449.2
77.3,3.2,57.7,6680.7,18.5,2607.4,-607.1,3214.5
85.7,5.5,66.6,5081.0,24.3,5329.2,1133.5,4195.7
45.5,4.0,63.3,6379.6,22.3,-2342.1,-4265.3,1923.2
75.3,3.3,82.4,6319.3,17.5,6287.4,1415.6,4871.9
64.7,7.6,71.0,6260.7,20.7,1333.8,-1632.7,2966.4
64.3,3.4,58.9,8174.5,22.5,-1147.5,-3778.6,2631.1
63.0,4.6,75.3,5954.5,18.6,2695.9,-545.2,3241.1
72.8,8.1,70.7,5494.3,18.0,3882.8,351.7,3531.0
68.7,7.0,72.5,5789.4,23.0,2319.4,-957.2,3276.6
80.9,7.2,55.3,6825.5,20.2,1827.8,-1168.1,2995.9
76.8,5.1,84.9,6230.1,24.5,5080.9,518.4,4562.5
69.2,6.6,42.5,6718.1,17.9,-856.2,-2803.4,1947.2
91.2,4.8,61.8,6487.4,16.1,5746.1,1227.0,4519.1
74.9,9.9,48.3,6059.7,20.0,435.0,-1864.6,2299.5
68.6,7.8,57.2,6326.8,22.3,289.0,-2262.3,2551.3
81.8,9.6,93.0,5647.2,20.2,7527.4,2105.7,5421.7
108.9,4.3,65.0,6546.4,20.8,8596.4,2588.4,6008.0
65.8,5.0,95.7,7682.8,17.4,3929.1,-308.6,4237.8
76.2,6.2,72.7,6622.1,24.8,2850.8,-875.2,3726.0
81.9,5.4,94.1,5798.7,18.2,9029.6,2889.6,6140.1
79.2,8.4,72.0,7100.6,22.7,2888.9,-847.7,3736.7
73.2,7.3,76.9,7415.2,19.4,2942.8,-804.4,3747.2
70.5,8.5,57.5,5334.3,24.0,1095.5,-1517.3,2612.8
71.3,5.3,43.7,5351.6,23.7,207.8,-1905.8,2113.6
46.9,4.0,60.8,5760.6,18.0,-1030.3,-2938.9,1908.6
63.9,6.8,55.9,6103.6,21.1,-31.3,-2367.0,2335.7
83.6,3.9,46.8,5352.3,20.2,2644.1,-195.6,2839.7
54.6,3.9,77.4,6922.7,15.6,1119.4,-1755.0,2874.5
65.3,4.4,48.2,6475.0,16.8,-43.7,-2193.9,2150.2
85.8,6.5,74.4,7023.1,21.3,5225.6,614.5,4611.1
76.5,9.9,60.8,5663.7,20.3,2447.7,-540.5,2988.2
98.5,6.7,61.4,6367.8,23.4,5463.3,961.5,4501.7
79.1,6.8,60.1,7128.3,22.3,1690.7,-1491.6,3182.3
71.6,7.6,54.3,6947.3,21.7,-23.8,-2566.3,2542.5
74.8,7.9,81.4,7108.6,21.6,3516.8,-508.2,4025.0
97.1,5.9,77.5,7277.0,18.3,8478.4,2348.8,6129.6
104.5,4.9,54.1,6194.5,18.9,6068.0,1456.4,4611.6
94.4,3.7,58.0,6789.2,20.6,4750.0,551.8,4198.2
62.8,8.6,93.9,6549.2,17.5,3153.8,-505.8,3659.6
53.7,9.8,72.3,7028.3,22.6,-2061.4,-4383.5,2322.1
59.8,6.1,78.0,7418.6,19.3,581.4,-2483.6,3065.0
46.5,4.1,90.0,5939.5,23.0,-648.5,-3413.7,2765.2
101.2,7.3,71.4,6075.9,23.9,7792.2,2182.0,5610.2
68.3,9.0,59.9,7004.3,21.7,-171.5,-2773.7,2602.2
42.7,6.3,69.0,5689.0,20.6,-2086.9,-3926.5,1839.6
67.9,5.0,52.4,5862.4,23.5,312.8,-2100.3,2413.1
65.8,3.2,77.5,7610.0,24.7,1084.9,-2466.5,3551.5
90.4,9.9,68.5,7927.8,25.8,2914.0,-1123.0,4037.1
56.8,9.0,77.7,7099.4,24.9,-1513.0,-4229.8,2716.9
71.5,5.8,70.6,6985.3,24.7,1519.8,-1877.2,3397.0
70.3,8.0,89.8,5790.7,25.9,3431.6,-624.1,4055.7
54.9,6.9,50.4,6555.8,20.5,-2050.1,-3823.8,1773.7
95.3,7.5,74.6,5780.8,22.7,7674.9,2191.8,5483.1
60.6,4.0,53.3,6627.0,23.5,-1117.2,-3329.9,2212.7
59.5,8.7,68.7,7168.3,26.5,-1846.2,-4403.3,2557.1
78.1,4.0,52.7,6623.3,21.6,1505.1,-1356.7,2861.9
66.0,9.2,89.8,5941.4,19.0,3633.8,-100.7,3734.6
53.8,5.7,81.2,6619.7,17.3,809.2,-2052.2,2861.5
81.4,3.6,62.2,6215.4,22.3,3636.2,-22.8,3658.9
80.0,9.1,44.4,7093.8,16.3,187.6,-2117.1,2304.6
64.0,9.2,72.7,5775.9,21.2,1390.3,-1529.2,2919.5
97.5,9.6,70.4,5293.9,21.3,7696.5,2367.0,5329.5
80.7,3.3,69.0,7102.9,16.7,4796.0,516.9,4279.1
81.6,7.9,75.6,5925.5,20.5,5366.3,972.4,4394.0
52.5,4.7,59.1,6059.7,18.7,-753.8,-2821.4,2067.7
65.6,9.3,77.2,6105.0,25.8,858.0,-2323.5,3181.5
90.5,5.8,78.8,6292.1,19.3,8027.7,2308.4,5719.3
53.6,6.5,69.8,6219.4,20.8,-586.5,-2994.8,2408.3
66.8,6.7,56.2,7423.4,23.2,-1019.1,-3490.2,2471.1
61.7,8.2,42.9,6105.1,20.9,-1627.2,-3308.0,1680.8
61.5,8.2,90.6,6170.8,20.2,2387.9,-1108.6,3496.5
115.8,5.0,53.0,7919.9,23.8,5209.7,506.6,4703.0
93.4,4.5,44.6,6281.0,25.5,1950.9,-964.6,2915.5
69.6,3.5,76.3,7131.4,22.7,2484.1,-1211.1,3695.2
83.3,8.1,63.6,5743.4,19.8,4249.7,503.5,3746.2
70.1,5.3,91.5,6356.2,20.4,4969.1,534.2,4434.9
95.4,7.6,41.7,6672.9,19.4,1693.0,-1040.4,2733.4
70.0,7.9,67.4,6149.6,18.6,2325.6,-753.1,3078.7
70.9,5.2,85.5,6481.5,24.5,3561.7,-543.4,4105.1
70.7,8.8,48.2,6021.8,17.5,390.7,-1796.7,2187.4
77.0,9.4,73.9,6688.8,21.5,3123.6,-561.2,3684.8
86.5,7.5,79.6,6621.9,23.2,5874.0,977.8,4896.2
80.2,9.8,46.2,6183.2,24.7,156.2,-2223.9,2380.1
77.1,4.0,61.0,6263.2,25.5,2159.5,-1105.0,3264.5
100.4,6.2,91.9,6730.8,24.6,10642.0,3358.8,7283.2
97.8,6.4,46.0,5176.3,22.8,3758.6,446.3,3312.3
91.4,6.8,73.0,5335.9,20.9,7524.8,2261.8,5263.0
83.8,9.2,58.9,8025.0,24.2,803.4,-2414.9,3218.2
59.4,5.7,73.7,7231.8,19.9,238.8,-2654.2,2893.0
105.9,9.4,64.9,6942.7,21.4,6736.9,1523.6,5213.3
68.7,8.8,45.3,5526.3,20.1,-81.1,-2066.3,1985.2
76.8,5.8,83.6,6331.2,19.7,5716.2,1032.5,4683.7
73.2,6.9,60.8,5394.2,17.9,3019.0,-48.6,3067.6
68.2,5.6,69.3,6038.6,17.3,2997.9,-271.0,3268.9
72.1,5.9,95.7,6195.4,17.6,6477.8,1487.6,4990.2
55.7,9.4,77.4,7302.9,25.4,-2107.5,-4730.9,2623.4
67.7,10.0,46.3,7297.9,24.4,-2285.3,-4243.3,1958.0
77.5,6.3,77.4,5826.3,22.0,4910.7,684.6,4226.1
54.4,7.2,72.1,6109.8,19.1,5.7,-2487.0,2492.7
77.5,7.6,72.2,6995.5,18.1,3693.8,-146.7,3840.4
95.2,7.8,46.1,6088.9,21.0,2716.2,-346.8,3063.0
96.6,3.8,55.8,5293.2,17.7,6363.7,1822.3,4541.4
74.1,8.7,66.3,6256.0,22.5,2028.8,-1147.2,3176.0
68.9,4.6,56.3,6629.1,21.0,645.4,-2010.1,2655.4
67.6,6.9,91.5,6050.3,21.4,4025.0,-6.8,4031.8
82.0,8.0,74.6,6960.3,19.0,4703.0,401.2,4301.8
85.1,8.7,61.5,8128.8,20.3,1982.9,-1471.7,3454.6
50.0,6.3,63.1,7337.8,18.5,-2191.1,-4212.1,2021.1
87.2,7.3,81.1,6650.8,26.1,5649.3,735.1,4914.2
49.8,5.4,81.7,7897.2,19.5,-1526.3,-4179.8,2653.5
79.4,5.0,71.0,5572.5,23.1,4699.7,652.2,4047.5
80.1,7.1,45.6,6867.6,21.2,221.2,-2215.2,2436.4
70.0,5.2,53.2,6277.4,25.7,-4.7,-2529.8,2525.1
51.2,7.7,47.7,6929.5,19.3,-2982.4,-4503.5,1521.1
48.8,5.6,51.6,6107.1,20.2,-2185.9,-3820.2,1634.4
68.9,9.8,64.3,7634.7,21.0,-204.4,-2988.8,2784.4
42.9,4.6,62.3,6070.4,24.5,-3017.1,-4762.9,1745.9
86.4,7.0,65.1,6203.5,22.1,4366.9,388.0,3978.8
44.4,5.1,54.3,6819.1,16.4,-2651.7,-4215.7,1564.0
75.8,9.3,97.6,6382.6,21.2,5662.7,868.5,4794.2
65.0,3.3,62.9,5591.1,20.6,1932.6,-913.8,2846.4
52.2,8.3,94.0,7009.3,22.0,-807.0,-3774.4,2967.4
70.9,7.6,64.1,6012.0,21.4,1822.8,-1150.9,2973.7
73.1,6.4,53.2,6549.9,19.4,909.2,-1689.8,2599.0
60.6,6.5,54.0,7926.3,20.9,-2179.8,-4318.5,2138.7
38.5,3.2,80.6,6690.6,20.7,-2717.7,-4801.8,2084.1
48.8,8.2,88.6,6172.4,18.2,-223.3,-2836.8,2613.5
54.7,3.0,75.2,8096.5,27.2,-2194.8,-5042.3,2847.4
77.9,4.1,92.7,6074.8,20.1,7512.1,2002.8,5509.4
55.8,3.3,79.6,8346.2,23.5,-1196.9,-4254.2,3057.4
64.0,5.7,48.9,7153.1,21.9,-1546.9,-3634.9,2088.0
72.9,3.8,59.1,6134.8,22.6,1873.1,-1119.8,2992.9
78.6,9.7,58.8,6395.1,16.5,2514.1,-545.9,3060.0
70.6,5.6,68.8,6348.2,20.3,2524.8,-757.5,3282.3
103.2,8.8,57.0,6102.1,22.8,5388.1,1028.3,4359.8
79.2,8.8,55.8,6492.2,25.0,1013.8,-1866.9,2880.7
67.2,6.0,94.0,5629.0,22.8,4349.5,215.9,4133.6
52.6,4.1,73.8,6346.0,24.3,-818.7,-3445.0,2626.3
63.2,9.1,48.8,7041.4,25.3,-2427.0,-4360.7,1933.7
85.2,7.2,47.3,7377.6,16.9,1172.0,-1549.2,2721.2
85.7,9.5,89.0,8233.8,21.1,5579.2,408.1,5171.1
83.9,6.4,51.1,7443.9,21.7,1007.2,-1891.6,2898.8
63.7,3.6,62.2,7418.0,22.8,-353.3,-3093.1,2739.8
59.5,4.1,61.8,5595.7,25.6,-22.6,-2530.4,2507.8
75.5,3.7,77.4,6149.2,19.4,5302.5,901.9,4400.6
53.7,3.1,64.2,7330.9,25.4,-2130.7,-4508.4,2377.7
51.8,7.5,56.5,6538.3,19.5,-1988.9,-3823.0,1834.1
96.4,4.2,88.1,7505.3,20.1,10002.9,2984.4,7018.5
76.8,3.7,75.0,5994.3,18.3,5575.4,1132.5,4442.8
78.9,6.3,66.4,6451.7,17.2,4047.6,262.0,3785.6
57.8,7.2,70.0,5406.3,20.4,828.7,-1761.7,2590.5
58.4,7.6,79.7,6248.6,21.6,682.3,-2284.8,2967.1
55.8,5.2,48.0,5121.6,24.1,-1109.1,-2890.3,1781.1
86.3,7.4,68.1,6208.0,24.1,4390.0,312.8,4077.2
55.9,3.2,76.8,6423.0,20.2,979.0,-1990.4,2969.4
46.6,7.8,59.3,8114.8,22.3,-4482.2,-6166.3,1684.2
88.8,3.5,58.3,6300.2,22.2,4172.6,309.8,3862.8
73.9,8.3,57.8,6885.6,23.9,328.6,-2445.3,2773.9
77.6,8.4,83.6,5542.8,22.8,5370.2,936.9,4433.3
92.8,7.0,56.1,8395.6,18.7,2580.0,-1046.4,3626.4
100.9,4.2,64.2,6245.0,21.2,7255.0,1964.2,5290.8
85.8,6.3,65.9,7504.2,23.9,3058.7,-800.9,3859.6
117.6,3.1,70.2,7334.9,21.6,10695.9,3437.3,7258.6
87.4,8.2,71.8,6549.1,24.5,4605.8,304.2,4301.7
59.0,7.7,71.6,6780.8,21.4,-263.2,-2958.6,2695.4
84.9,8.0,69.4,6387.5,18.1,5139.8,839.9,4299.9
46.5,7.5,60.3,6126.8,19.4,-2226.2,-3944.9,1718.7
55.5,5.8,74.9,6467.2,26.5,-1072.8,-3795.3,2722.6
63.2,3.2,67.8,5843.5,22.0,1666.7,-1310.4,2977.0
63.5,4.0,63.4,6849.5,24.1,-63.2,-2826.1,2762.8
51.3,4.4,68.5,6315.3,23.4,-1276.6,-3626.9,2350.3
62.7,5.0,75.7,6445.8,18.7,2136.3,-1063.8,3200.1
66.5,9.6,73.4,6023.0,22.9,1307.2,-1749.7,3056.9
63.8,6.8,66.3,5930.5,20.2,1245.4,-1523.2,2768.6
77.6,4.8,78.1,6794.0,21.5,4617.2,284.4,4332.7
72.7,4.4,54.7,6598.5,26.4,264.1,-2469.1,2733.2
69.6,3.2,58.1,5741.9,26.5,1100.1,-1729.5,2829.6
140.0,4.4,69.8,6529.4,19.2,15605.4,6025.1,9580.3
57.1,3.7,44.8,5537.1,20.3,-917.0,-2671.0,1754.0
59.7,6.8,75.7,6063.4,22.9,681.7,-2253.0,2934.7
117.4,5.5,98.5,6721.3,23.2,16266.6,6144.2,10122.4
69.4,7.5,65.7,7882.4,25.1,-492.2,-3472.9,2980.8
65.3,9.6,83.4,6606.8,17.5,2589.7,-817.6,3407.3
67.4,3.5,51.4,8050.9,19.1,-954.5,-3357.9,2403.4
95.5,7.5,70.2,5850.6,21.8,7102.2,1925.6,5176.6
70.0,7.0,54.9,6943.3,17.4,534.5,-1999.4,2533.9
54.7,6.1,57.3,7201.8,18.7,-1747.6,-3790.7,2043.1
79.4,9.2,60.8,6034.3,18.3,3040.5,-205.0,3245.5
61.0,7.4,46.2,6431.5,17.6,-1227.1,-3038.5,1811.4
52.5,6.6,50.0,7230.7,19.5,-2807.8,-4490.2,1682.4
82.3,7.5,90.5,6395.4,25.3,6043.5,969.2,5074.2
41.3,9.0,56.8,6900.1,17.6,-3795.6,-5140.4,1344.8
112.8,9.7,63.4,6459.0,22.0,7874.1,2227.3,5646.8
72.5,7.7,73.1,6461.5,18.4,3263.2,-287.5,3550.7
84.8,3.8,70.2,5600.7,18.4,6632.4,1807.1,4825.3
74.9,5.5,70.6,6453.9,22.6,3040.8,-559.2,3600.0
63.1,4.0,48.3,6689.4,22.4,-1152.7,-3244.4,2091.7
61.2,4.7,78.7,5514.7,22.2,2273.2,-981.4,3254.7
55.8,7.6,62.6,6929.5,17.0,-885.4,-3099.0,2213.5
62.6,4.0,72.4,5648.0,17.4,2912.3,-256.1,3168.4
44.4,3.4,56.4,7261.6,23.8,-3764.4,-5457.0,1692.5
92.7,5.3,66.3,7091.7,18.3,5864.2,1080.2,4784.0
84.9,3.7,85.6,6718.6,21.2,7582.5,1890.4,5692.1
74.0,5.4,74.4,6495.8,21.5,3539.8,-252.2,3792.0
85.3,7.8,61.8,5799.8,25.7,3334.3,-203.9,3538.2
69.0,6.7,93.3,6145.4,25.7,3421.9,-759.1,4181.1
57.9,7.4,56.8,5425.6,20.8,-301.3,-2399.8,2098.5
69.7,7.2,74.3,5766.7,23.1,2678.8,-725.2,3404.0
52.3,8.2,77.3,6881.7,19.2,-936.9,-3429.8,2492.9
50.0,9.6,71.5,7141.3,26.3,-3562.0,-5674.6,2112.7
109.6,5.3,70.8,5292.0,21.8,10721.3,3863.9,6857.4
88.4,7.3,58.8,6946.3,18.4,3638.6,-69.7,3708.3
66.6,3.7,81.9,6403.8,20.8,3471.7,-329.5,3801.2
69.9,4.4,63.9,7353.3,23.7,605.3,-2459.7,3064.9
63.9,7.7,81.5,7244.2,20.8,1273.0,-2079.6,3352.6
58.9,9.5,61.9,6135.4,23.3,-1090.6,-3331.4,2240.7
68.5,8.8,49.6,6993.8,26.2,-1729.5,-3894.1,2164.5
78.7,9.1,58.3,7959.8,25.4,-166.6,-3137.0,2970.4
77.5,5.8,51.5,6607.4,22.8,852.1,-1847.8,2699.9
81.1,5.8,68.0,5311.8,26.0,4159.5,340.3,3819.1
76.5,4.0,42.6,7381.0,24.5,-1044.2,-3305.3,2261.1
104.9,4.1,63.6,5806.2,23.1,7900.7,2366.3,5534.3
80.8,6.8,61.5,6336.3,20.8,3074.1,-338.3,3412.3
66.0,4.5,48.8,5635.2,26.6,-429.7,-2626.9,2197.2
66.0,5.1,52.4,7036.3,25.4,-1232.4,-3567.1,2334.7
78.7,7.3,78.8,6216.8,24.4,4294.0,118.0,4175.9
82.2,3.0,64.9,5962.4,17.6,5293.3,1063.4,4230.0
81.5,3.1,74.6,8178.6,21.1,4097.3,-323.6,4420.9
44.9,7.2,78.3,5917.0,19.4,-1393.3,-3553.1,2159.8
86.0,9.6,58.9,6164.7,27.2,2235.7,-1060.5,3296.3
75.0,3.5,68.6,5291.4,18.8,4871.2,946.5,3924.7
37.6,7.6,65.7,6177.9,21.8,-3950.2,-5391.7,1441.5
61.7,8.6,77.7,6787.4,24.9,-157.7,-3177.0,3019.2
86.3,3.9,89.8,7526.7,20.0,7964.2,1917.0,6047.2
73.7,7.2,63.3,7019.7,21.4,1372.4,-1707.8,3080.2
67.4,4.7,83.2,5363.2,23.1,3959.0,121.1,3837.9
76.5,6.2,66.5,5935.6,22.4,3195.2,-269.9,3465.1
61.9,3.6,61.2,7004.4,23.0,-406.0,-3021.6,2615.6
63.2,8.4,51.4,5643.2,22.4,-543.1,-2603.3,2060.3
63.9,8.7,54.7,6443.7,22.4,-895.4,-3107.7,2212.3
39.3,6.6,70.5,5866.4,20.4,-2814.8,-4504.4,1689.6
53.1,9.3,56.9,5650.3,16.7,-859.2,-2682.9,1823.7
66.3,4.3,69.3,5248.5,19.7,3110.6,-88.0,3198.5
86.4,5.8,47.6,6646.9,22.7,1453.5,-1357.0,2810.5
93.9,4.6,82.2,6853.8,17.1,9598.6,3014.6,6584.0
79.4,8.4,59.3,6173.8,22.2,2227.8,-862.5,3090.3
78.3,9.8,54.5,5305.5,15.6,2938.7,27.8,2910.9
64.0,9.2,79.2,7622.7,21.5,299.8,-2879.8,3179.5
48.1,5.7,47.5,7610.2,21.2,-3967.5,-5440.7,1473.2
98.3,6.6,77.8,5886.4,22.9,8907.9,2779.6,6128.3
86.9,8.9,43.2,5772.3,21.1,1434.8,-1041.3,2476.2
83.1,9.8,68.8,5861.7,18.8,4743.9,737.2,4006.8
73.6,4.5,67.2,7297.8,20.5,2231.8,-1179.0,3410.9
70.8,3.3,57.5,6874.9,20.3,1151.7,-1693.0,2844.7
73.0,3.7,50.7,6773.0,22.1,387.3,-2183.1,2570.4
72.7,6.5,53.6,6409.6,17.2,1309.4,-1289.9,2599.3
62.5,3.4,62.8,5044.7,23.6,1462.0,-1256.2,2718.2
61.8,8.7,71.3,5934.9,19.0,1213.0,-1557.1,2770.1
52.7,8.8,81.8,5783.3,20.3,56.6,-2575.4,2632.0
100.0,3.9,70.9,6107.6,19.2,8965.3,2867.4,6097.9
114.9,8.2,76.7,5370.4,25.2,11683.1,4233.1,7450.0
92.0,6.5,43.6,7553.7,21.6,733.5,-1992.2,2725.6
62.1,7.6,77.9,6860.8,25.3,-2.3,-3110.7,3108.5
89.2,4.4,73.7,6411.3,22.0,6553.8,1479.4,5074.4
92.5,6.8,77.4,6058.7,24.4,7153.4,1795.5,5357.8
94.6,7.4,83.8,5940.4,20.0,9561.3,3123.5,6437.7
59.3,6.9,62.5,5614.7,24.9,-374.5,-2768.7,2394.3
90.9,6.7,68.8,5377.7,17.7,7296.2,2216.7,5079.5
61.5,7.7,46.3,7158.1,21.3,-2256.8,-4084.8,1828.0
102.2,7.8,65.3,5846.9,24.7,6853.7,1772.0,5081.7
78.9,5.0,58.1,7073.5,22.8,1629.4,-1514.1,3143.5
65.0,4.6,77.4,6567.2,19.9,2508.2,-915.1,3423.3
80.7,8.7,57.0,6704.9,21.6,1706.9,-1299.1,3006.1
70.8,10.0,78.9,6380.2,22.6,2363.3,-1152.4,3515.7
62.2,8.2,52.7,6299.0,20.1,-788.4,-2872.1,2083.7
117.0,6.2,53.1,8046.4,16.1,6194.0,1143.8,5050.2
68.0,5.6,69.8,5793.0,21.5,2445.6,-742.9,3188.6
86.6,3.7,93.9,6090.9,22.3,9319.0,2875.1,6444.0
46.3,8.0,80.4,5607.0,18.1,-613.1,-2869.9,2256.8
77.2,3.1,94.2,6625.4,22.0,6818.6,1439.3,5379.3
53.4,8.8,78.9,6096.0,20.1,-230.7,-2806.8,2576.2
78.4,5.4,61.1,5700.0,20.3,3478.3,80.6,3397.7
85.8,5.2,54.1,6158.5,21.1,3081.9,-225.7,3307.5
46.3,8.0,55.6,5358.2,19.9,-1965.2,-3523.7,1558.6
66.7,5.8,93.0,5796.1,20.0,4758.9,558.6,4200.3
46.8,6.6,47.3,5752.3,25.6,-3170.8,-4563.6,1392.8
106.0,7.4,77.7,5963.9,23.0,10182.7,3405.0,6777.7
79.5,5.0,59.3,8323.4,19.1,1384.5,-1852.1,3236.6
68.8,9.5,53.9,7472.2,22.4,-1253.4,-3598.5,2345.1
53.2,8.3,74.4,5622.0,27.8,-1528.7,-3977.4,2448.7
85.2,9.3,69.9,6456.6,21.5,4351.1,288.3,4062.7
73.6,6.5,70.0,6771.9,20.1,2733.8,-730.1,3463.9
48.2,7.5,63.0,7924.4,22.8,-3911.5,-5791.0,1879.5
69.8,3.2,72.7,6233.0,24.2,2681.6,-869.4,3550.9
58.1,3.1,61.7,6980.3,26.4,-1428.5,-3914.3,2485.8
68.1,6.4,78.8,5496.1,21.8,3473.5,-108.1,3581.6
