scenario,year,demand_kt,required_storage_kt,headroom_kt
High-demand,2025,476.0,42.9,1.5
High-demand,2026,514.2,46.4,-1.9
High-demand,2027,557.5,50.3,-5.8
High-demand,2028,604.4,54.5,-10.1
High-demand,2029,657.7,59.3,-14.9
High-demand,2030,704.1,63.5,-19.1
Baseline,2025,476.0,42.9,1.5
Baseline,2026,503.3,45.4,-1.0
Baseline,2027,535.9,48.3,-3.9
Baseline,2028,570.8,51.5,-7.0
Baseline,2029,612.2,55.2,-10.8
Baseline,2030,647.8,58.4,-14.0
Low-demand,2025,476.0,42.9,1.5
Low-demand,2026,492.5,44.4,0.0
Low-demand,2027,516.6,46.6,-2.2
Low-demand,2028,541.9,48.9,-4.4
Low-demand,2029,576.2,52.0,-7.5
Low-demand,2030,605.5,54.6,-10.2
