date,Charcoal,Illuminating Kerosene,L.P.G,Light Diesel Oil,Motor Gasoline Premium
2025-01-01,100.0,100.0,100.0,100.0,100.0
2025-02-01,100.3,100.0,100.6,100.0,100.0
2025-03-01,100.5,100.0,100.8,100.0,100.0
2025-04-01,100.6,98.4,101.1,98.7,98.9
2025-05-01,102.1,98.4,100.6,98.7,98.9
2025-06-01,103.1,97.2,100.4,97.6,100.5
2025-07-01,104.2,103.7,100.8,102.9,105.7
2025-08-01,104.2,103.0,101.2,102.9,105.1
2025-09-01,107.7,102.5,100.9,102.9,104.7
2025-10-01,107.6,102.5,100.4,102.9,104.7
2025-11-01,107.8,102.5,100.3,102.9,104.7
2025-12-01,108.2,102.5,100.8,102.9,104.7
2026-01-01,109.1,101.8,100.8,102.3,103.6
2026-02-01,109.1,101.2,100.4,99.9,101.2
2026-03-01,110.7,101.2,100.3,99.9,101.2
