date,Diesel (AGO),Petrol (PMS),LPG,Jet fuel*,Fuel oil/other*,Kerosene (IK),Avgas,Total
2024-01-01,,,,,,,,
2024-02-01,,,,,,,,
2024-03-01,,,,,,,,
2024-04-01,,,,,,,,
2024-05-01,,,,,,,,
2024-06-01,,,,,,,,
2024-07-01,,,,,,,,
2024-08-01,,,,,,,,
2024-09-01,,,,,,,,
2024-10-01,,,,,,,,
2024-11-01,,,,,,,,
2024-12-01,,,,,,,,
2025-01-01,9.99,9.55,17.41,10.47,44.65,22.54,16.67,12.06
2025-02-01,2.63,9.09,21.66,-0.88,42.23,18.73,18.18,7.22
2025-03-01,1.4,8.61,-1.72,7.59,155.12,57.77,100.0,9.59
2025-04-01,16.78,23.85,23.24,-8.68,40.06,4.46,175.0,16.74
2025-05-01,9.0,16.95,11.92,-8.01,49.14,14.29,50.0,11.47
2025-06-01,12.54,21.37,18.68,-10.31,133.51,14.15,28.57,16.07
2025-07-01,11.23,14.86,11.19,-8.95,86.32,-11.8,-11.11,12.79
2025-08-01,9.18,9.27,11.6,6.81,39.2,6.69,42.86,11.01
2025-09-01,11.09,16.08,24.27,-8.49,81.06,42.36,0.0,13.89
2025-10-01,12.34,10.89,13.12,-9.48,17.58,13.23,-10.0,9.4
2025-11-01,9.19,5.31,14.81,-12.46,167.33,14.95,-42.11,11.17
2025-12-01,18.93,7.58,13.47,-6.4,44.94,46.93,-8.33,12.79
2026-01-01,7.74,14.25,14.75,-11.62,16.83,19.69,57.14,8.0
2026-02-01,10.43,10.49,6.82,-8.22,-15.5,23.81,-15.38,6.09
