"year","month","fuel_type","consumption_volume","unit","provisional"
"2024","January","AGO (Light Diesel Oil)","177.1","thousand tonnes",""
"2024","January","Motor Spirit","60.91","thousand tonnes",""
"2024","January","Jet Oil","17.38","thousand tonnes",""
"2024","January","LPG","123.17","thousand tonnes",""
"2024","January","Aviation Gasoline","0.06","thousand tonnes",""
"2024","January","Illuminating Kerosene","3.15","thousand tonnes",""
"2024","January","Other","32.45","thousand tonnes",""
"2024","February","AGO (Light Diesel Oil)","178.65","thousand tonnes",""
"2024","February","Motor Spirit","59.99","thousand tonnes",""
"2024","February","Jet Oil","18.73","thousand tonnes",""
"2024","February","LPG","114.16","thousand tonnes",""
"2024","February","Aviation Gasoline","0.11","thousand tonnes",""
"2024","February","Illuminating Kerosene","2.83","thousand tonnes",""
"2024","February","Other","28.07","thousand tonnes",""
"2024","March","AGO (Light Diesel Oil)","191.86","thousand tonnes",""
"2024","March","Motor Spirit","57.55","thousand tonnes",""
"2024","March","Jet Oil","14.15","thousand tonnes",""
"2024","March","LPG","120.07","thousand tonnes",""
"2024","March","Aviation Gasoline","0.06","thousand tonnes",""
"2024","March","Illuminating Kerosene","2.51","thousand tonnes",""
"2024","March","Other","33.66","thousand tonnes",""
"2024","April","AGO (Light Diesel Oil)","170.42","thousand tonnes",""
"2024","April","Motor Spirit","59.57","thousand tonnes",""
"2024","April","Jet Oil","22.64","thousand tonnes",""
"2024","April","LPG","113.73","thousand tonnes",""
"2024","April","Aviation Gasoline","0.04","thousand tonnes",""
"2024","April","Illuminating Kerosene","3.36","thousand tonnes",""
"2024","April","Other","31.8","thousand tonnes",""
"2024","May","AGO (Light Diesel Oil)","182.42","thousand tonnes",""
"2024","May","Motor Spirit","59.8","thousand tonnes",""
"2024","May","Jet Oil","24.97","thousand tonnes",""
"2024","May","LPG","117.91","thousand tonnes",""
"2024","May","Aviation Gasoline","0.08","thousand tonnes",""
"2024","May","Illuminating Kerosene","3.22","thousand tonnes",""
"2024","May","Other","36.17","thousand tonnes",""
"2024","June","AGO (Light Diesel Oil)","165.78","thousand tonnes",""
"2024","June","Motor Spirit","60.61","thousand tonnes",""
"2024","June","Jet Oil","13.07","thousand tonnes",""
"2024","June","LPG","106.84","thousand tonnes",""
"2024","June","Aviation Gasoline","0.07","thousand tonnes",""
"2024","June","Illuminating Kerosene","3.11","thousand tonnes",""
"2024","June","Other","33.3","thousand tonnes",""
"2024","July","AGO (Light Diesel Oil)","192.18","thousand tonnes",""
"2024","July","Motor Spirit","64.78","thousand tonnes",""
"2024","July","Jet Oil","21.63","thousand tonnes",""
"2024","July","LPG","126.09","thousand tonnes",""
"2024","July","Aviation Gasoline","0.09","thousand tonnes",""
"2024","July","Illuminating Kerosene","3.39","thousand tonnes",""
"2024","July","Other","37.35","thousand tonnes",""
"2024","August","AGO (Light Diesel Oil)","195.49","thousand tonnes",""
"2024","August","Motor Spirit","57.84","thousand tonnes",""
"2024","August","Jet Oil","28.88","thousand tonnes",""
"2024","August","LPG","128.32","thousand tonnes",""
"2024","August","Aviation Gasoline","0.07","thousand tonnes",""
"2024","August","Illuminating Kerosene","3.44","thousand tonnes",""
"2024","August","Other","38.27","thousand tonnes",""
"2024","September","AGO (Light Diesel Oil)","185.08","thousand tonnes",""
"2024","September","Motor Spirit","61.85","thousand tonnes",""
"2024","September","Jet Oil","17.85","thousand tonnes",""
"2024","September","LPG","123.68","thousand tonnes",""
"2024","September","Aviation Gasoline","0.08","thousand tonnes",""
"2024","September","Illuminating Kerosene","2.88","thousand tonnes",""
"2024","September","Other","33.83","thousand tonnes",""
"2024","October","AGO (Light Diesel Oil)","195.58","thousand tonnes",""
"2024","October","Motor Spirit","62.35","thousand tonnes",""
"2024","October","Jet Oil","31.74","thousand tonnes",""
"2024","October","LPG","132.47","thousand tonnes",""
"2024","October","Aviation Gasoline","0.1","thousand tonnes",""
"2024","October","Illuminating Kerosene","3.25","thousand tonnes",""
"2024","October","Other","36.44","thousand tonnes",""
"2024","November","AGO (Light Diesel Oil)","180","thousand tonnes",""
"2024","November","Motor Spirit","63.64","thousand tonnes",""
"2024","November","Jet Oil","15.64","thousand tonnes",""
"2024","November","LPG","121.89","thousand tonnes",""
"2024","November","Aviation Gasoline","0.19","thousand tonnes",""
"2024","November","Illuminating Kerosene","3.21","thousand tonnes",""
"2024","November","Other","36.05","thousand tonnes",""
"2024","December","AGO (Light Diesel Oil)","179.04","thousand tonnes",""
"2024","December","Motor Spirit","63.45","thousand tonnes",""
"2024","December","Jet Oil","23.43","thousand tonnes",""
"2024","December","LPG","144.36","thousand tonnes",""
"2024","December","Aviation Gasoline","0.12","thousand tonnes",""
"2024","December","Illuminating Kerosene","2.77","thousand tonnes",""
"2024","December","Other","37.49","thousand tonnes",""
"2025","January","AGO (Light Diesel Oil)","194.79","thousand tonnes",""
"2025","January","Motor Spirit","67.29","thousand tonnes",""
"2025","January","Jet Oil","25.14","thousand tonnes",""
"2025","January","LPG","134.93","thousand tonnes",""
"2025","January","Aviation Gasoline","0.07","thousand tonnes",""
"2025","January","Illuminating Kerosene","3.86","thousand tonnes",""
"2025","January","Other","38.1","thousand tonnes",""
"2025","February","AGO (Light Diesel Oil)","183.34","thousand tonnes",""
"2025","February","Motor Spirit","59.46","thousand tonnes",""
"2025","February","Jet Oil","26.64","thousand tonnes",""
"2025","February","LPG","124.54","thousand tonnes",""
"2025","February","Aviation Gasoline","0.13","thousand tonnes",""
"2025","February","Illuminating Kerosene","3.36","thousand tonnes",""
"2025","February","Other","34.15","thousand tonnes",""
"2025","March","AGO (Light Diesel Oil)","194.55","thousand tonnes",""
"2025","March","Motor Spirit","61.92","thousand tonnes",""
"2025","March","Jet Oil","36.1","thousand tonnes",""
"2025","March","LPG","130.41","thousand tonnes",""
"2025","March","Aviation Gasoline","0.12","thousand tonnes",""
"2025","March","Illuminating Kerosene","3.96","thousand tonnes",""
"2025","March","Other","33.08","thousand tonnes",""
"2025","April","AGO (Light Diesel Oil)","199.02","thousand tonnes",""
"2025","April","Motor Spirit","54.4","thousand tonnes",""
"2025","April","Jet Oil","31.71","thousand tonnes",""
"2025","April","LPG","140.86","thousand tonnes",""
"2025","April","Aviation Gasoline","0.11","thousand tonnes",""
"2025","April","Illuminating Kerosene","3.51","thousand tonnes",""
"2025","April","Other","39.19","thousand tonnes",""
"2025","May","AGO (Light Diesel Oil)","198.84","thousand tonnes",""
"2025","May","Motor Spirit","55.01","thousand tonnes",""
"2025","May","Jet Oil","37.24","thousand tonnes",""
"2025","May","LPG","137.9","thousand tonnes",""
"2025","May","Aviation Gasoline","0.12","thousand tonnes",""
"2025","May","Illuminating Kerosene","3.68","thousand tonnes",""
"2025","May","Other","40.48","thousand tonnes",""
"2025","June","AGO (Light Diesel Oil)","186.57","thousand tonnes",""
"2025","June","Motor Spirit","54.36","thousand tonnes",""
"2025","June","Jet Oil","30.52","thousand tonnes",""
"2025","June","LPG","129.67","thousand tonnes",""
"2025","June","Aviation Gasoline","0.09","thousand tonnes",""
"2025","June","Illuminating Kerosene","3.55","thousand tonnes",""
"2025","June","Other","39.52","thousand tonnes",""
"2025","July","AGO (Light Diesel Oil)","213.76","thousand tonnes",""
"2025","July","Motor Spirit","58.98","thousand tonnes",""
"2025","July","Jet Oil","40.3","thousand tonnes",""
"2025","July","LPG","144.83","thousand tonnes",""
"2025","July","Aviation Gasoline","0.08","thousand tonnes",""
"2025","July","Illuminating Kerosene","2.99","thousand tonnes",""
"2025","July","Other","41.53","thousand tonnes",""
"2025","August","AGO (Light Diesel Oil)","213.43","thousand tonnes",""
"2025","August","Motor Spirit","61.78","thousand tonnes",""
"2025","August","Jet Oil","40.2","thousand tonnes",""
"2025","August","LPG","140.21","thousand tonnes",""
"2025","August","Aviation Gasoline","0.1","thousand tonnes",""
"2025","August","Illuminating Kerosene","3.67","thousand tonnes",""
"2025","August","Other","42.71","thousand tonnes",""
"2025","September","AGO (Light Diesel Oil)","205.61","thousand tonnes",""
"2025","September","Motor Spirit","56.6","thousand tonnes",""
"2025","September","Jet Oil","32.32","thousand tonnes",""
"2025","September","LPG","143.57","thousand tonnes",""
"2025","September","Aviation Gasoline","0.08","thousand tonnes",""
"2025","September","Illuminating Kerosene","4.1","thousand tonnes",""
"2025","September","Other","42.04","thousand tonnes",""
"2025","October","AGO (Light Diesel Oil)","219.72","thousand tonnes",""
"2025","October","Motor Spirit","56.44","thousand tonnes",""
"2025","October","Jet Oil","37.32","thousand tonnes",""
"2025","October","LPG","146.9","thousand tonnes",""
"2025","October","Aviation Gasoline","0.09","thousand tonnes",""
"2025","October","Illuminating Kerosene","3.68","thousand tonnes",""
"2025","October","Other","41.22","thousand tonnes",""
"2025","November","AGO (Light Diesel Oil)","196.55","thousand tonnes",""
"2025","November","Motor Spirit","55.71","thousand tonnes",""
"2025","November","Jet Oil","41.81","thousand tonnes",""
"2025","November","LPG","128.36","thousand tonnes",""
"2025","November","Aviation Gasoline","0.11","thousand tonnes",""
"2025","November","Illuminating Kerosene","3.69","thousand tonnes",""
"2025","November","Other","41.39","thousand tonnes",""
"2025","December","AGO (Light Diesel Oil)","212.94","thousand tonnes",""
"2025","December","Motor Spirit","59.39","thousand tonnes",""
"2025","December","Jet Oil","33.96","thousand tonnes",""
"2025","December","LPG","155.3","thousand tonnes",""
"2025","December","Aviation Gasoline","0.11","thousand tonnes",""
"2025","December","Illuminating Kerosene","4.07","thousand tonnes",""
"2025","December","Other","42.54","thousand tonnes",""
"2026","January","AGO (Light Diesel Oil)","209.87","thousand tonnes","Yes"
"2026","January","Motor Spirit","59.47","thousand tonnes","Yes"
"2026","January","Jet Oil","29.37","thousand tonnes","Yes"
"2026","January","LPG","154.16","thousand tonnes","Yes"
"2026","January","Aviation Gasoline","0.11","thousand tonnes","Yes"
"2026","January","Illuminating Kerosene","4.62","thousand tonnes","Yes"
"2026","January","Other","43.72","thousand tonnes","Yes"
"2026","February","AGO (Light Diesel Oil)","202.46","thousand tonnes","Yes"
"2026","February","Motor Spirit","54.57","thousand tonnes","Yes"
"2026","February","Jet Oil","22.51","thousand tonnes","Yes"
"2026","February","LPG","137.6","thousand tonnes","Yes"
"2026","February","Aviation Gasoline","0.11","thousand tonnes","Yes"
"2026","February","Illuminating Kerosene","4.16","thousand tonnes","Yes"
"2026","February","Other","36.48","thousand tonnes","Yes"
"2026","March","AGO (Light Diesel Oil)","","thousand tonnes","Yes"
"2026","March","Motor Spirit","","thousand tonnes","Yes"
"2026","March","Jet Oil","","thousand tonnes","Yes"
"2026","March","LPG","","thousand tonnes","Yes"
"2026","March","Aviation Gasoline","","thousand tonnes","Yes"
"2026","March","Illuminating Kerosene","","thousand tonnes","Yes"
"2026","March","Other","","thousand tonnes","Yes"

"Provided by LeadAfrik Public Economics Hub. For this and more, visit leadafrik.com/data",,,,,